"","Player Name","Position","BPM_Pred","Percentile","GP","MPG","PPG","REBPG","ASTPG","STLPG","BLKPG","TOPG","FG.","FT.","X3P.","TMIN","FGM","FGA","FTM","FTA","X3PM","X3PA","PTS","OR","DR","TREB","AST","TO","STL","BLK","Institution"
"1","TAYLOR O'BRIEN","G",8.22146053435616,1,34,33.5,16.7,6.5,1.7,2.2,0.5,2.4,41,77.8,33.7,1140,209,510,119,153,30,89,567,21,201,222,59,80,75,18,"Bucknell University"
"2","MAKAYLA HEMINGWAY","G",7.84611183952702,0.99,10,4.1,0.7,0.7,0.3,0.2,0.1,0.2,25,0,20,41,3,12,0,0,1,5,7,0,7,7,3,2,2,1,"Colorado State University"
"3","TOMEKIA WHITMAN","G",7.73449273911868,0.99,31,33.1,11.9,6.9,2.4,2.2,0.5,2,41.6,72.7,34.7,1027,148,356,40,55,34,98,370,84,130,214,74,62,68,16,"Idaho State University"
"4","GEORGIA WOOLLEY","G",7.42850889035914,0.98,34,30.7,14.6,4.6,1.9,2.1,0.5,3.1,41.8,85.2,30.4,1043,174,416,98,115,51,168,497,51,107,158,65,104,73,17,"University at Buffalo, the State University of New York"
"5","ALEXIA ALLESCH","F",7.28450513286812,0.97,20,28.8,13.3,9.6,0.6,1.3,1.5,1.5,50.2,55,36.1,575,104,207,22,40,35,97,265,43,149,192,11,29,25,30,"Appalachian State University"
"6","CHRISTIANNA CARR","G",7.14608331140799,0.97,29,30.3,11.7,4.6,1.3,1,0.6,2,36.3,91.7,34.3,879,117,322,44,48,60,175,338,27,107,134,39,58,30,18,"Syracuse University"
"7","LAUREN FIELDS","G",7.01608405712829,0.96,27,34.7,15.4,4.1,1.9,2.5,0.8,2.5,32.9,63,28.4,936,140,425,87,138,50,176,417,21,91,112,51,67,67,21,"Oklahoma State University"
"8","OLIVIA DOWDEN","G",7.00065060907434,0.96,5,6,3.2,0.8,0.8,0.2,0.2,0.2,50,0,33.3,30,7,14,0,0,2,6,16,0,4,4,4,1,1,1,"Texas A&M University-Corpus Christi"
"9","JAAUCKLYN MOORE","G",6.9138126800105,0.96,29,34,17.3,3.5,1.7,1.4,0.6,2.1,38.1,77,29.7,987,185,486,67,87,66,222,503,14,88,102,49,60,42,16,"University of the Incarnate Word"
"10","WYVETTE MAYBERRY","G",6.87695357142472,0.96,27,33.5,14.1,4,2.9,1.4,0.2,1.8,44.5,77.4,43,905,133,299,72,93,43,100,381,26,82,108,78,49,37,6,"The University of Tulsa"
"11","MEGHAN BOYD","G",6.80364632578745,0.95,30,30.3,11.1,3,1.9,0.8,0.2,2.3,34.1,91.7,31.6,908,108,317,55,60,61,193,332,6,85,91,58,68,24,6,"University of Denver"
"12","MYA BURNS","G",6.70271316565356,0.95,28,25.8,11.7,5.3,1,1.1,0.5,1.6,37.7,78.9,33.1,723,107,284,71,90,42,127,327,58,90,148,27,44,32,14,"Georgia Southern University"
"13","JADA DAPAA","C",6.6880211080436,0.95,30,33.4,9.4,12.6,2.6,1.2,0.5,2.4,44.1,72.2,20,1001,112,254,57,79,1,5,282,115,263,378,79,73,35,14,"Saint Francis University (Pennsylvania)"
"14","JIREH WASHINGTON","G",6.6362317565828,0.94,24,26.5,14.4,3.5,3.2,1.9,0.1,2,48.8,71.9,37.7,635,119,244,82,114,26,69,346,24,61,85,76,48,45,3,"Arkansas State University"
"15","BRIE PERPIGNAN","G",6.55804740957002,0.94,29,34.1,16.6,3.7,5.5,1.8,0.4,3.7,40.9,81.1,29.2,988,159,389,137,169,26,89,481,30,78,108,159,107,51,11,"Elon University"
"16","JESSICA RIOS","G",6.55758545021044,0.94,19,23.3,4.4,1.7,0.6,0.4,0.1,0.5,40,0,41.2,443,28,70,0,0,28,68,84,1,31,32,12,9,8,2,"California State University, Sacramento"
"17","MORGAN JONES","G",6.54750312645343,0.94,30,26.8,13.8,5.7,1.6,1.1,1,2.1,46,76.8,0,805,154,335,106,138,0,5,414,39,131,170,47,62,33,30,"Florida State University"
"18","EMMA SQUIRES","F",6.51742730725264,0.93,30,21.4,10.8,3.9,0.9,0.9,0.7,1.9,49.5,81,44.1,642,110,222,51,63,52,118,323,25,91,116,27,57,27,20,"University of Richmond"
"19","SYDNEY FREEMAN","G",6.49874367779177,0.93,31,33,11.1,2.7,4,1.4,0.3,2.2,36.3,81.8,28.1,1023,122,336,45,55,55,196,344,3,82,85,125,69,43,8,"Ball State University"
"20","BRYNNA MAXWELL","G",6.44523428508639,0.93,33,20.6,10.6,3.2,0.9,0.5,0.2,1,39.7,88.5,38,680,106,267,69,78,68,179,349,11,94,105,30,33,15,5,"University of Utah"
"21","SAVANNAH WHEELER","G",6.43489148851847,0.93,28,34.6,20.3,4.4,2.3,1.3,0.2,3,42.8,81.7,34.5,969,185,432,138,169,60,174,568,18,105,123,63,84,37,6,"Marshall University"
"22","SARA BERSHERS","G",6.40538265019942,0.92,29,30.6,13.5,5.7,1.6,1.3,1.3,2.3,37.2,86,36.2,888,121,325,86,100,64,177,392,40,124,164,47,66,37,38,"The University of Texas Rio Grande Valley"
"23","KATIE HORYNA","G",6.39887663281555,0.92,17,7.4,1.6,0.9,0.7,0.2,0,0.2,42.9,50,43.8,125,9,21,2,4,7,16,27,6,10,16,12,3,3,0,"Abilene Christian University"
"24","SHAY FREDERICK","G",6.36973565047226,0.92,30,34.2,11.9,3.6,4.8,1,0,2.8,37.3,82.7,29.7,1025,115,308,81,98,47,158,358,13,96,109,144,84,30,1,"Valparaiso University"
"25","CAITLYN HARPER","F",6.35816503767845,0.92,32,30.1,17.8,5.9,1.3,1.3,1.6,1.8,53,74,30.5,964,223,421,94,127,29,95,569,36,153,189,40,58,41,51,"California Baptist University"
"26","KAYLIN RANDHAWA","G",6.35302489130367,0.92,29,32.6,11.9,4.9,2.4,1.3,0.2,3.1,35.4,84.4,29.1,944,107,302,92,109,39,134,345,31,111,142,71,91,39,6,"Utah State University"
"27","SASHA KOENIG","G",6.3368443311475,0.92,13,6.9,0.8,0.5,0.3,0.4,0.1,0.6,23.5,0,23.1,90,4,17,0,0,3,13,11,1,6,7,4,8,5,1,"Bradley University"
"28","PAIGE BRADFORD","F",6.30328618956255,0.91,32,29.4,9.2,8.3,2.3,0.6,0.9,1.9,43.3,72.5,27,942,120,277,29,40,24,89,293,69,198,267,75,60,20,28,"University of Missouri-Kansas City"
"29","MARIA CARVALHO","G",6.28113268172338,0.91,29,36.1,13.6,4.7,3.2,1.2,0.1,3,37.3,87.3,33.3,1046,148,397,48,55,49,147,393,25,110,135,93,88,36,2,"Utah Valley University"
"30","CALLIE CAVANAUGH","F",6.27992082693861,0.91,32,32.6,9.7,4.3,1.3,0.7,0.7,1.4,45.9,70.4,10.5,1042,135,294,38,54,2,19,310,46,90,136,41,44,22,22,"Fairfield University"
"31","DIAMOND CANNON","G",6.23331425546413,0.9,5,3,1.8,0.6,0.2,0,0,0,50,50,50,15,3,6,1,2,2,4,9,1,2,3,1,0,0,0,"Bradley University"
"32","MALEIA BRACONE","G",6.22533908560938,0.9,29,29,10.6,4.6,2.6,1.7,0.1,3.9,40.4,64.4,32.9,840,114,282,29,45,51,155,308,13,121,134,76,113,49,3,"Presbyterian College"
"33","LANDRY WILLIAMS","G",6.2239178434964,0.9,8,3.1,2.6,0.3,0.1,0,0,0.3,53.8,0,53.8,25,7,13,0,0,7,13,21,0,2,2,1,2,0,0,"University of Missouri-Kansas City"
"34","DESTYNE JACKSON","G",6.18368737572048,0.9,20,32.5,13.4,2.5,1.7,1.1,0.3,2,34.8,60.4,32.7,650,102,293,29,48,35,107,268,7,42,49,33,39,21,5,"Wright State University"
"35","COURTNEY MURPHY","G",6.18067462945695,0.9,30,27.7,8.8,4.7,1,1.2,0.2,1.2,34.9,88,30.9,830,87,249,44,50,47,152,265,25,116,141,29,37,37,5,"Seattle University"
"36","EMMA GROTHAUS","F",6.16210620042794,0.9,30,30.5,12.6,9.1,1.5,1,1.8,2.2,44.8,72.9,30.5,916,151,337,51,70,25,82,378,77,196,273,45,65,31,55,"Lehigh University"
"37","SONIA SMITH","G",6.15650558576281,0.9,25,31.2,13,3.5,4.2,1.8,0.2,3.5,37.1,74.1,33.7,781,119,321,60,81,28,83,326,16,71,87,105,88,45,6,"Sacred Heart University"
"38","HANNA CAVINDER","G",6.15415635051684,0.9,29,37,14.5,3.9,3.7,1.8,0.1,2.6,39,80.5,36.2,1073,156,400,66,82,42,116,420,16,97,113,107,74,51,2,"California State University, Fresno"
"39","MAYSON KIMBALL","F",6.11471440467306,0.89,26,31.1,11.9,3.9,1.8,1,0.5,3.3,33.4,64.6,28.5,808,114,341,42,65,39,137,309,26,76,102,46,86,25,12,"Merrimack College"
"40","KIRSTEN DEANS","G",6.09337877140746,0.89,18,30.6,14.5,2.8,3.7,1.6,0.1,2.7,40.7,90,31.4,550,90,221,54,60,27,86,261,7,43,50,66,48,29,1,"West Virginia University"
"41","TATUM KOENIG","G",6.08673347843655,0.89,28,34.4,12,3.3,3.6,1.1,0.2,2.6,38.6,79.8,33.1,963,107,277,79,99,43,130,336,16,77,93,100,73,30,6,"Bradley University"
"42","BELLA STEIDLE","G",6.08537973153431,0.89,13,5.9,0.8,0.7,0.1,0.3,0,0.2,25,71.4,50,77,2,8,5,7,2,4,11,2,7,9,1,3,4,0,"Loyola University Maryland"
"43","AZIAH HUDSON","G",6.05292242656336,0.89,34,19.4,5.5,0.9,0.5,0.8,0,0.6,38.9,70.3,34.5,659,61,157,26,37,38,110,186,11,21,32,18,20,26,1,"Old Dominion University"
"44","SOPHIA SINGER","G",6.03702013759134,0.88,11,5.7,0.8,0.8,0.1,0.1,0.1,0.1,23.1,50,25,63,3,13,1,2,2,8,9,4,5,9,1,1,1,1,"Western Carolina University"
"45","LEILA PATEL","G",6.02744607249544,0.88,3,9.7,2,1.3,0.3,0,0,0,40,0,40,29,2,5,0,0,2,5,6,0,4,4,1,0,0,0,"George Washington University"
"46","DENA JARRELLS","G",6.01212000401207,0.88,28,30,10.4,2.5,2.7,1.5,0,3,37.5,67.3,35.2,841,100,267,35,52,57,162,292,16,53,69,76,83,42,1,"University of Tennessee at Chattanooga"
"47","NAOMIE ALNATAS","G",6.00877614517119,0.88,32,33.2,18.6,3.8,5.3,1.8,0.1,2.9,47.1,84.6,41.8,1063,218,463,104,123,56,134,596,32,90,122,170,93,59,2,"University of Missouri-Kansas City"
"48","KAYLA CLARK","G",5.97388883741604,0.88,13,4.5,1.5,0.9,0.2,0.2,0,0,57.1,91.7,33.3,59,4,7,11,12,1,3,20,3,9,12,3,0,3,0,"Southern Utah University"
"49","GREYSON BOONE","G",5.96735889688708,0.87,34,18.6,2.9,2.1,0.8,0.5,0.1,0.5,25.2,50,24,633,34,135,2,4,29,121,99,29,41,70,27,18,16,4,"Furman University"
"50","HAYLEY MOORE","G",5.94714069834507,0.87,29,33.1,7.9,2.6,1.6,1.1,0,1.2,35.2,73.3,32.3,961,83,236,11,15,52,161,229,18,56,74,45,34,31,1,"Binghamton University"
"51","MIKAYLA ETIENNE","G",5.93250911914102,0.87,25,28.6,11.8,3.8,2.2,1.7,0,3.8,30.2,66.7,24.9,716,111,367,30,45,43,173,295,29,66,95,54,94,43,1,"Mississippi Valley State University"
"52","AALIYAH NYE","G",5.91301492420718,0.87,27,29.7,12.4,3,1.2,1,0.4,1.9,41.7,65.8,36.9,801,120,288,25,38,69,187,334,22,59,81,33,52,27,11,"University of Illinois Urbana-Champaign"
"53","KURSTYN HARDEN","F",5.84879940686933,0.86,31,25.6,12.2,7.7,1.3,0.6,0.9,2.5,49.7,62.7,0,795,150,302,79,126,0,0,379,78,161,239,41,79,20,27,"University of Northern Colorado"
"54","ELIANA BRAVINGTON","C",5.82594465240323,0.86,10,5.1,2.4,1.1,0.2,0,0.2,0.1,42.9,50,27.3,51,9,21,3,6,3,11,24,5,6,11,2,1,0,2,"California Baptist University"
"55","MONTANA OLTROGGE","F",5.82291542830315,0.86,31,23.7,10.1,4,0.8,0.6,0.5,1.6,38.5,81.8,29.5,736,122,317,27,33,41,139,312,36,87,123,25,50,20,15,"Idaho State University"
"56","MACEY LEE","G",5.81224047963302,0.86,29,25.2,10.3,5.9,0.7,0.9,0.3,1.4,42.1,65.3,31.2,732,102,242,66,101,29,93,299,45,126,171,21,41,25,10,"University of North Alabama"
"57","KAYLA CLARK","C",5.81124584581558,0.86,26,22.8,8.3,8.2,0.4,1,0.6,1,50.9,53.6,0,593,82,161,52,97,0,2,216,86,128,214,11,25,27,15,"Southern Utah University"
"58","HALEY CAVINDER","G",5.80502374628633,0.86,29,38.2,19.8,9.4,5.7,1.5,0.1,2.9,44.8,97.3,37.3,1107,205,458,109,112,56,150,575,40,234,274,166,84,43,4,"California State University, Fresno"
"59","ALYSSA GEARY","F",5.80151455934084,0.86,30,26.4,9.5,4.2,2,0.4,1.1,3,37.7,81.8,18.2,792,109,289,54,66,14,77,286,20,106,126,61,91,13,32,"Providence College"
"60","JAZMINE MASSENGILL","G",5.78566459897869,0.85,30,33.6,7,3.6,4.7,1.1,0.8,1.7,40.6,54.1,29.5,1008,88,217,20,37,13,44,209,25,82,107,141,51,34,23,"University of Kentucky"
"61","TIYA DOUGLAS","G",5.73147356753634,0.85,18,8.1,0.9,0.3,0.2,0.4,0.1,0.1,22.2,0,21.1,146,6,27,0,0,4,19,16,2,4,6,4,2,8,2,"University of Mississippi"
"62","CHRISLYN CARR","G",5.72862181785539,0.85,29,36.6,14.2,3.2,2.7,1.3,0.1,2.6,44,83.6,37.2,1061,153,348,56,67,51,137,413,13,81,94,77,76,38,3,"Syracuse University"
"63","MAKAYLA DICKENS","G",5.70010297598951,0.85,30,22.5,9.2,3.3,2.8,0.7,0,2.6,40.6,76.1,35.4,676,95,234,35,46,52,147,277,20,79,99,83,79,21,1,"Boston College"
"64","JUSTINA KING","G",5.68240121117559,0.84,28,36.6,11.9,2.3,4.3,2,0.2,2.8,33.2,75,25.7,1026,118,355,72,96,26,101,334,14,51,65,121,77,57,6,"Long Beach State University"
"65","ALICE STEVENSON","F",5.67266846636074,0.84,11,5.9,1.2,1.1,0.1,0.1,0,0.5,33.3,50,50,65,4,12,3,6,2,4,13,1,11,12,1,5,1,0,"Abilene Christian University"
"66","BETHANY CARSTENS","G",5.65635818671777,0.84,5,3,2.4,0.8,0,0.2,0,0,45.5,100,25,15,5,11,1,1,1,4,12,1,3,4,0,0,1,0,"University of Nevada, Reno"
"67","ADEBOLA ADEYEYE","F",5.65414112328027,0.84,28,20.2,6.5,6.1,0.3,0.8,0.6,0.8,56.2,56.7,0,566,82,146,17,30,0,0,181,78,94,172,9,22,23,16,"University at Buffalo, the State University of New York"
"68","LAILA FAIR","F",5.65229852603472,0.84,24,21.2,8.6,4.7,1,0.8,0.9,1.3,51.2,59,0,508,85,166,36,61,0,0,206,50,62,112,24,30,19,21,"Saint Joseph's University"
"69","LANDYN OWENS","G",5.60195403352269,0.83,7,3.9,0.4,0.3,0,0,0,0.3,25,0,25,27,1,4,0,0,1,4,3,0,2,2,0,2,0,0,"Stetson University"
"70","MIA HURST","G",5.5901567890117,0.83,9,2.2,0.3,0.3,0.2,0.1,0,0.3,25,0,33.3,20,1,4,0,0,1,3,3,1,2,3,2,3,1,0,"University of Tennessee at Martin"
"71","SHAY-LEE KIRBY","G",5.58465188308458,0.83,30,26.2,7.2,2.9,0.7,0.7,0.3,1.1,41.7,64.3,39.8,785,75,180,18,28,47,118,215,32,55,87,20,33,22,8,"Austin Peay State University"
"72","NEVAEH DEAN","F",5.56252828787586,0.83,18,9,1,1.7,0.5,0.2,0.2,0.4,36.8,33.3,28.6,162,7,19,2,6,2,7,18,11,20,31,9,7,4,3,"University of Cincinnati"
"73","KY'LIE SCOTT","G",5.4493452653918,0.82,5,5.4,1.2,0.4,0.4,0,0,0.8,25,0,66.7,27,2,8,0,2,2,3,6,1,1,2,2,4,0,0,"Sam Houston State University"
"74","RYAN COBBINS","G",5.42556232418053,0.81,29,31.6,11.4,4.7,1.3,0.7,0.1,1.9,38.3,72.7,36.5,916,118,308,56,77,38,104,330,30,106,136,37,54,19,3,"North Dakota State University"
"75","TAYA HANSON","G",5.35493657592322,0.81,26,30,8.3,3.7,2.1,1.2,0.6,2.5,31.1,88.7,28.9,780,68,219,47,53,33,114,216,28,67,95,55,66,32,15,"Arizona State University"
"76","ADRYANA QUEZADA","G",5.34551558821683,0.81,28,29.5,15.2,7.9,1.8,1.1,0.5,2,53.6,70.4,42.1,826,180,336,57,81,8,19,425,85,135,220,50,56,32,15,"Utah State University"
"77","MYRA STRICKLAND","G",5.32249795482166,0.8,29,28.4,9.6,2.6,2.1,1,0,3.6,34.4,67.6,30.7,823,85,247,73,108,35,114,278,7,67,74,62,104,29,0,"Winthrop University"
"78","SYDNEY WATKINS","G",5.31214866696796,0.8,29,9.8,3.2,0.6,0.3,0.2,0,0.4,32.7,0,36.1,285,32,98,0,0,30,83,94,0,16,16,8,12,5,0,"Manhattan College"
"79","SYDNEY WATKINS","G",5.31214866696796,0.8,15,5.2,0.3,0.7,0.2,0.6,0,0.3,20,50,0,78,2,10,1,2,0,0,5,4,6,10,3,5,9,0,"Manhattan College"
"80","LYRIC COLE","F",5.28787331879334,0.8,30,21,6.6,5.6,0.3,1.1,0.8,1.2,62.9,40,0,631,88,140,22,55,0,0,198,63,106,169,8,35,34,25,"Austin Peay State University"
"81","RILEY DONAHUE","G",5.24689902897243,0.79,7,2.6,1.3,0.4,0,0.1,0,0.1,33.3,75,50,18,2,6,3,4,2,4,9,0,3,3,0,1,1,0,"Auburn University"
"82","CIAJA HARBISON","G",5.2207626885663,0.79,24,37.5,17.5,2.3,2.3,1.3,0,3,39.9,79.5,30.7,900,160,401,70,88,31,101,421,15,41,56,56,71,30,0,"Saint Louis University"
"83","SUMMAH EVANS","F",5.19570233579251,0.79,26,19.4,7.1,3.2,0.9,1.2,0.5,1.4,38.9,78.8,25.7,504,70,180,26,33,18,70,184,19,63,82,24,36,31,14,"University of North Florida"
"84","KAHLAIJAH DEAN","G",5.1951349433897,0.79,23,28.4,15.8,4.4,2.2,1.8,0.1,2.7,37.2,80.8,28.2,654,113,304,97,120,40,142,363,25,76,101,50,61,41,2,"Oakland University"
"85","SARAH LIBERATORE","G",5.16056852645164,0.79,9,4.7,1.9,0.6,0.4,0.2,0,0.3,35.7,75,40,42,5,14,3,4,4,10,17,4,1,5,4,3,2,0,"Marshall University"
"86","MIA LAKSTIGALA","G",5.10194458181865,0.78,22,29.8,10.9,5.5,2,1.2,0.4,2.2,38.8,73,36.4,656,83,214,27,37,47,129,240,24,98,122,45,48,26,9,"University of Pennsylvania"
"87","BROOKE MOORE","G",5.09489648153396,0.78,32,19.9,10.3,1.9,1,0.8,0.3,1.8,39.8,83.3,36.5,636,119,299,50,60,42,115,330,18,44,62,32,58,26,8,"Purdue University"
"88","OCEANE ROBIN","G",5.07865312853338,0.77,15,5.7,1.1,1.5,0.3,0.1,0.1,0.2,26.9,33.3,9.1,86,7,26,2,6,1,11,17,7,16,23,4,3,1,2,"California Baptist University"
"89","BRINAE ALEXANDER","F",5.06870373749608,0.77,32,32.9,15.2,3.5,1.4,2,0.3,2.8,40.9,77.8,36.3,1053,181,443,63,81,61,168,486,38,74,112,46,90,63,10,"Vanderbilt University"
"90","JAMIYA BRAXTON","G",5.05470705552067,0.77,25,21.1,4.8,3,0.9,0.5,0,0.8,27.5,57.1,28.2,527,42,153,4,7,33,117,121,16,60,76,22,21,13,1,"Northwestern State University"
"91","MARY BASKERVILLE","F",5.05062763408654,0.77,23,18.9,7,5.5,0.9,1.7,1.9,1.8,43.9,60.9,100,435,61,139,39,64,1,1,162,26,100,126,20,42,39,43,"Providence College"
"92","DEJAH JENKINS","G",5.04437460757041,0.77,26,29.2,7.9,3.5,1.8,0.9,0.2,1.6,33.8,65.5,37.8,760,75,222,19,29,37,98,206,24,66,90,48,42,24,5,"Central Connecticut State University"
"93","KHARIS IDOM","G",5.0002214072878,0.76,26,28.3,9.8,3.1,2.2,1.3,0.1,3.7,32,76.7,36.9,736,90,281,33,43,41,111,254,13,68,81,58,96,34,3,"University of Massachusetts Lowell"
"94","KENDALL CURRENCE","G",4.98789766345792,0.76,27,31.5,15.9,3.9,1.7,1,0.1,2.5,42.9,78.9,27,851,162,378,71,90,33,122,428,27,77,104,45,67,28,2,"Northeastern University"
"95","TORI GARZA","F",4.98462196048437,0.76,12,4.1,1.3,0.2,0.1,0.2,0,0,28.6,0,20,49,6,21,0,0,3,15,15,0,2,2,1,0,2,0,"Oklahoma State University"
"96","BRANDY THOMAS","G",4.97791559824896,0.76,24,29.2,12.7,6.2,1.9,1.9,0.2,3.1,36.7,85.1,40.7,700,105,286,57,67,37,91,304,43,105,148,46,74,46,5,"Long Island University"
"97","TOMI TAIWO","G",4.97384007922464,0.76,32,17.3,4.6,2,0.9,0.7,0.1,0.8,48.5,88.5,46.6,555,48,99,23,26,27,58,146,14,50,64,28,27,23,3,"University of Iowa"
"98","LATRICE PERKINS","G",4.9551666637648,0.76,31,27.7,11.9,4.4,1.8,1.7,0.3,1.4,46.4,75,25,859,159,343,33,44,19,76,370,62,73,135,56,44,52,8,"College of Charleston (South Carolina)"
"99","JORDYN HUGHES","G",4.95051172605334,0.75,30,25.4,7.5,3.3,2.2,1.3,0.1,1.8,38.8,78.9,40.2,762,80,206,30,38,35,87,225,9,90,99,66,55,40,4,"Eastern Illinois University"
"100","VANNESSA GARRELTS","G",4.94673450187995,0.75,28,18.4,2.4,1.9,2.2,1.4,0.1,1.1,28.9,50,24.6,516,24,83,1,2,17,69,66,22,30,52,61,31,39,2,"Miami University (Ohio)"
"101","ANNA GRET ASI","G",4.91183339289612,0.75,7,7,1.9,0.7,0.9,0.4,0,0.9,41.7,0,50,49,5,12,0,0,3,6,13,1,4,5,6,6,3,0,"University of Arizona"
"102","JORDAN CRUZ","G",4.90876430287602,0.75,24,19.6,6.8,1.3,1,0.8,0,1.2,31.8,85.2,33.3,470,49,154,23,27,41,123,162,1,31,32,23,28,18,1,"University of the Pacific"
"103","ALYSSA CHAPMAN","F",4.89742388964866,0.75,17,9.6,2.7,1.1,0,0.1,0.4,0.2,34.7,100,27.8,164,17,49,2,2,10,36,46,5,14,19,0,3,1,7,"Radford University"
"104","JORDYN JENKINS","F",4.8231667428674,0.74,26,25.2,14.8,6.7,1.5,0.7,1,2.5,51.7,82.1,40,655,134,259,110,134,6,15,384,69,104,173,38,65,19,25,"University of Southern California"
"105","CALLIE WRIGHT","F",4.81798504345036,0.74,6,3.7,1.3,0.2,0.2,0,0,0.7,50,50,33.3,22,3,6,1,2,1,3,8,0,1,1,1,4,0,0,"University of Memphis"
"106","JULIANNA WALKER","G",4.77574156311132,0.73,12,7.5,1.9,0.2,0,0,0,0.3,27.6,0,25,90,8,29,0,0,7,28,23,1,1,2,0,3,0,0,"Syracuse University"
"107","JAZION JACKSON","G",4.76301714534629,0.73,30,31.1,9.2,3.8,2.9,1.1,0.2,2.3,39.6,75,25.3,933,101,255,51,68,22,87,275,33,80,113,87,68,33,7,"University of North Texas"
"108","JADA ROBERSON","G",4.7562504426127,0.73,23,30.7,13.7,6.3,2.5,2.4,0.3,2.7,35.9,64.9,22.8,705,123,343,50,77,18,79,314,64,82,146,58,61,55,7,"Wright State University"
"109","KAI CARTER","F",4.75462846895372,0.73,32,31.1,14.8,6.3,0.5,0.9,0,1.5,38.9,76.2,28.9,996,177,455,64,84,55,190,473,43,157,200,17,49,29,1,"University of North Carolina Asheville"
"110","AIJHA BLACKWELL","G",4.75047242488211,0.73,27,31.2,15.4,13,1.7,1,0.3,2.9,49.5,67.8,33.8,843,143,289,103,152,26,77,415,67,283,350,46,77,28,9,"University of Missouri, Columbia"
"111","ALLISON DAY","F",4.7406250841859,0.73,30,26.3,10.3,5.6,1.3,0.5,0.6,1.7,42.2,72.1,23.9,790,124,294,49,68,11,46,308,52,117,169,40,50,16,18,"Loyola University Chicago"
"112","ELLA SAWYER","G",4.71766807026208,0.72,33,27.5,5.3,4.8,3,1.5,0.2,2.4,35.6,69.7,30.3,908,62,174,23,33,27,89,174,28,131,159,99,79,50,6,"Austin Peay State University"
"113","ABBY WAHL","F",4.68676500992862,0.72,30,29.5,11.3,5.8,0.7,1.2,0.4,1.3,43.1,84.8,14.7,885,122,283,89,105,5,34,338,98,77,175,22,40,36,12,"Eastern Illinois University"
"114","TERRI SMITH","G",4.68477944186404,0.72,27,33.6,9.6,3,1.7,1.4,0.3,2.5,31.1,73.7,23.8,906,100,322,14,19,45,189,259,12,69,81,47,67,39,9,"Morehead State University"
"115","ERIN HEDMAN","F",4.66294179734326,0.72,7,2.4,1.1,0.9,0,0,0,0.4,28.6,50,28.6,17,2,7,2,4,2,7,8,3,3,6,0,3,0,0,"University of Minnesota, Twin Cities"
"116","LADAZHIA WILLIAMS","F",4.65026213194177,0.71,27,18.8,9.1,4.1,0.7,0.3,0.6,1.6,54.3,74.1,0,507,102,188,43,58,0,0,247,31,81,112,20,43,7,17,"University of Missouri, Columbia"
"117","GEORGIA KEHOE","F",4.63159655643953,0.71,25,18.8,7,4.8,1.2,0.8,1,1.7,45.3,35.6,0,469,77,170,21,59,0,1,175,47,74,121,30,43,21,26,"Seattle University"
"118","DALLAS CARTER","G",4.61420190791466,0.71,16,9,3.3,0.8,0.4,0.2,0.3,0.5,45,0,43.2,144,18,40,0,2,16,37,52,2,11,13,7,8,3,4,"Long Island University"
"119","ELISKA STEBETAKOVA","F",4.61329936281369,0.71,8,6.6,1.9,0.8,0.1,0,0.1,0.3,37.5,100,50,53,6,16,2,2,1,2,15,4,2,6,1,2,0,1,"University of Nevada, Reno"
"120","REAGAN RAPERT","G",4.61106433355285,0.71,31,27.8,8.5,3.3,3.6,1.2,0,2.6,32.8,87.3,29.3,861,81,247,69,79,34,116,265,20,83,103,112,80,38,0,"Wofford College"
"121","DALAYAH DANIELS","G",4.60917686778952,0.71,21,21.2,7.9,4.9,1.2,1,1.5,2,42.8,87.8,0,446,65,152,36,41,0,5,166,22,80,102,26,41,22,31,"University of California, Berkeley"
"122","AMIAYA MORGAN","G",4.60877538530688,0.71,1,30,5,1,1,1,0,3,66.7,0,100,30,2,3,0,1,1,1,5,0,1,1,1,3,1,0,"Delaware State University"
"123","TRINITY CLINTON","G",4.60765635624896,0.71,4,6.3,2.8,0.3,0.3,0.5,0.3,1.3,37.5,75,66.7,25,3,8,3,4,2,3,11,0,1,1,1,5,2,1,"Loyola University Chicago"
"124","JORDAN WAKEFIELD","G",4.57408659964587,0.7,29,27.2,8.4,4.3,0.7,0.9,0.7,2.1,30.7,77.2,26.4,788,75,244,61,79,34,129,245,32,93,125,21,60,26,19,"George Mason University"
"125","JOELLE JOHNSON","F",4.55777217009621,0.7,16,6.2,1.6,1.1,0.1,0.1,0.1,0.8,36.7,0,25,99,11,30,0,0,4,16,26,1,17,18,2,12,2,2,"Northern Kentucky University"
"126","IYANA DORSEY","G",4.51689267811563,0.7,25,21,10.4,1.7,1.3,1.6,0.2,1.7,34.3,83.8,28.3,525,68,198,93,111,30,106,259,15,28,43,32,43,41,4,"Tarleton State University"
"127","RENEYA HOPKINS","G",4.5146896983836,0.7,26,20.6,7.9,2.6,1.5,1.3,0.2,1.7,34.4,87.9,31.9,535,63,183,51,58,29,91,206,6,62,68,40,44,35,5,"North Dakota State University"
"128","KAYLA WHITE","G",4.46374953994321,0.69,29,23.3,13.2,3.4,0.6,0.9,0.2,1.2,39.3,73.1,25.6,677,147,374,79,108,11,43,384,34,64,98,18,36,26,7,"Southern Methodist University"
"129","NATALIA OTKHMEZURI","G",4.46027506083853,0.69,25,16.5,6.8,1.7,0.4,0.4,0,0.8,39.9,87,38.7,412,57,143,20,23,36,93,170,9,34,43,11,21,9,1,"Southern Utah University"
"130","J'MANI INGRAM","G",4.39894044601873,0.68,29,27.8,10.9,5.6,1.6,1.3,0.1,2.2,42.3,50.9,0,806,129,305,57,112,0,1,315,40,121,161,46,64,38,4,"Winthrop University"
"131","DEONDRA YOUNG","F",4.38686108683395,0.68,9,4.8,2.6,1.4,0.1,0,0.4,0.2,64.7,50,0,43,11,17,1,2,0,0,23,3,10,13,1,2,0,4,"Sam Houston State University"
"132","MELANIE ISBELL","G",4.38571658764418,0.68,26,26.1,4.8,1.7,2.3,1,0.1,1.6,30.7,65.2,32.5,679,43,140,15,23,25,77,126,8,36,44,60,41,27,3,"New Mexico State University"
"133","KAMRYN MRAZ","G",4.38070948889619,0.68,28,27.2,7.5,3,3.1,0.9,0.1,2.2,39.7,67.7,39.1,761,69,174,21,31,52,133,211,23,61,84,86,62,25,3,"Abilene Christian University"
"134","DAEJA HOLMES","G",4.36422641554568,0.68,28,16.9,6.4,1.4,1.6,1.2,0.3,1.4,33.9,70.8,33.1,473,60,177,17,24,43,130,180,10,30,40,44,39,33,7,"Georgia Southern University"
"135","EMMA RANDALL","G",4.3618000939184,0.68,12,4.3,1.2,0.8,0,0,0,0.2,28.6,0,28.6,52,6,21,0,2,2,7,14,4,5,9,0,2,0,0,"Youngstown State University"
"136","MAHOGANY VAUGHT","G",4.36164974391834,0.68,26,30,8.4,4,3.3,1.6,0.3,2.9,36,38.6,34.2,781,85,236,22,57,26,76,218,17,86,103,86,76,42,7,"University of South Alabama"
"137","TERAH HARNESS","G",4.3286046450362,0.67,30,29.9,8.2,2.9,0.9,0.8,0.1,1.8,37,100,34.9,896,87,235,12,12,60,172,246,8,79,87,28,53,24,4,"University of South Carolina Upstate"
"138","NINA DAVY","G",4.32648351806882,0.67,20,13,1,1.6,0.4,0.4,0.4,0.7,36.4,25,20,260,8,22,2,8,2,10,20,10,22,32,8,13,7,7,"Central Connecticut State University"
"139","TAYLOR WILLIAMS","F",4.31120146130626,0.67,28,24.1,11.9,8.6,0.9,1.6,1,2.3,42.8,54.1,21.1,674,130,304,66,122,8,38,334,47,195,242,26,63,45,29,"Bethune-Cookman University"
"140","TAYLOR WILLIAMS","F",4.31120146130626,0.67,27,23.7,8.1,3.3,1.7,1.1,0.3,3.6,41,58.5,33.3,639,77,188,62,106,3,9,219,23,67,90,46,98,31,8,"Bethune-Cookman University"
"141","AMAYA BROWN","G",4.3027939838132,0.67,10,5.5,1.1,1.3,0.5,0.2,0.2,0.4,41.7,50,0,55,5,12,1,2,0,1,11,1,12,13,5,4,2,2,"Florida State University"
"142","ASHIA MCCALLA","G",4.23857409867256,0.66,26,24.6,8.8,3.4,1.4,1.4,0.2,1.9,37.2,75.8,30,639,86,231,25,33,33,110,230,35,53,88,37,50,36,4,"Morgan State University"
"143","HOPE LEMELLE","G",4.21459479479228,0.65,12,10.8,2.3,0.9,0.4,0.4,0.1,0.3,42.3,50,33.3,129,11,26,3,6,3,9,28,6,5,11,5,4,5,1,"Lamar University"
"144","SHYLA LATONE","G",4.19212684392778,0.65,25,26.4,10.8,3.1,1.8,1,0.1,2.2,33.8,83.7,30.8,660,92,272,36,43,49,159,269,18,59,77,44,56,26,3,"Utah State University"
"145","ALMA DANIELSSON","F",4.16830782356691,0.65,21,6.6,1.6,0.7,0.3,0.1,0.1,0.2,28.9,100,25,138,11,38,3,3,8,32,33,4,11,15,7,5,2,2,"Florida International University"
"146","JULIA FABOZZI","G",4.16199572566275,0.65,15,6.7,1.9,0.5,0.1,0,0.1,0.3,22.9,100,17.4,100,8,35,8,8,4,23,28,2,6,8,2,4,0,1,"Providence College"
"147","TRINASIA KENNEDY","G",4.1428473921581,0.64,20,32.1,10.6,4.3,2.1,1.8,0.4,2.4,32.6,62,27.4,641,76,233,31,50,29,106,212,14,71,85,42,47,35,7,"Marist College"
"148","SYDNEY SHAFER","G",4.14137448442322,0.64,25,21.8,8,2.4,1.2,1,0.1,1.7,36.7,68.4,35,544,69,188,26,38,35,100,199,8,53,61,31,43,25,3,"Western Michigan University"
"149","MARLY WALLS","G",4.13864571868896,0.64,34,32.8,7.6,4.4,3.4,1.6,0.1,2.4,39,62.9,31.7,1115,97,249,44,70,19,60,257,26,123,149,116,83,55,5,"Bucknell University"
"150","DE'MYLA BROWN","G",4.13724932648873,0.64,27,21.1,8.1,2,1.4,1.1,0,1.4,28.8,82.9,27,569,68,236,58,70,24,89,218,7,46,53,39,38,30,1,"University of Illinois Urbana-Champaign"
"151","NENA TAYLOR","G",4.10967103924622,0.64,17,7.1,1.7,1.4,0.1,0.8,0.1,0.6,22.7,66.7,23.8,121,10,44,4,6,5,21,29,6,18,24,2,11,13,1,"Oral Roberts University"
"152","LENAEJHA EVANS","G",4.10872870920444,0.64,30,33.5,14,3.3,1.4,1.5,0.2,1.8,44.5,74.2,25.6,1006,159,357,92,124,10,39,420,27,73,100,42,54,44,7,"Rider University"
"153","SAJADA BONNER","G",4.10866741125442,0.64,33,23.9,6.3,2.8,0.6,0.8,0.3,1.3,39.2,76.3,34.5,788,69,176,29,38,41,119,208,21,70,91,21,44,26,11,"Quinnipiac University"
"154","AJA HOLMES","G",4.1010305274171,0.64,26,17.9,4.7,0.9,0.2,0.1,0.1,0.2,33.3,65.2,31.9,466,38,114,15,23,30,94,121,3,21,24,4,6,2,2,"Texas Christian University"
"155","PAIGE EMBORSKY","G",4.09665069398564,0.64,20,8,2.5,0.8,0.6,0.4,0,0.4,32.6,100,31.7,159,15,46,6,6,13,41,49,7,9,16,12,7,8,0,"Abilene Christian University"
"156","SHAYLEY HARRIS","F",4.0894175488622,0.63,27,10.4,2.9,2.6,0.4,0.1,0.8,0.4,61.7,42.9,0,282,37,60,3,7,0,0,77,33,36,69,10,11,3,22,"Santa Clara University"
"157","SYDNEY PALMA","G",4.08732391654619,0.63,31,24.4,5.4,2.9,2.4,0.5,0.3,1.5,33.5,82.6,25.5,756,53,158,38,46,24,94,168,6,85,91,73,47,17,9,"California Baptist University"
"158","TIFFANY HAMMOND","G",4.0682589067965,0.63,9,7.9,1.4,0.8,0.3,0.2,0,1,27.8,100,11.1,71,5,18,2,2,1,9,13,0,7,7,3,9,2,0,"Sacred Heart University"
"159","SHANELL HASKINS","G",4.02847258664382,0.63,6,13.7,3.3,1.8,0.5,0.7,0,0.8,23.3,100,25,82,7,30,2,2,4,16,20,3,8,11,3,5,4,0,"Lafayette College"
"160","HANNAH PURCELL","F",4.01840372006298,0.62,22,7,1.3,1,0.5,0.1,0,0.5,28.9,0,24,155,11,38,0,2,6,25,28,9,12,21,10,11,2,0,"DePaul University"
"161","JADA PEEBLES","G",3.99945356969321,0.62,27,27,7,1.5,1.8,0.7,0.2,1.7,34.7,70.6,37.3,729,67,193,24,34,31,83,189,3,38,41,49,46,19,5,"University of Illinois Urbana-Champaign"
"162","ELLA FIORE","G",3.98125314814223,0.62,17,7.4,1.1,2.4,0.2,0.3,0.1,0.8,27.6,0,22.2,126,8,29,0,2,2,9,18,11,29,40,4,13,5,1,"University of New Hampshire"
"163","ANZHANE' HUTTON","F",3.9779630294213,0.62,26,26,10.2,7.2,1.3,0.9,1,2.3,45.7,63.6,20,675,91,199,82,129,2,10,266,62,126,188,34,59,23,26,"Howard University"
"164","BRYCE NIXON","G",3.97563860509872,0.62,31,22.6,5.3,1.5,2.5,1,0.1,1.8,33.9,88.9,30.3,700,65,192,8,9,27,89,165,4,41,45,76,57,30,3,"Santa Clara University"
"165","VICTORIA DAVIS","G",3.94290972547863,0.61,14,22.2,5.9,2.3,2.4,1.3,0.1,1.5,38.5,61.5,40,311,30,78,8,13,14,35,82,3,29,32,34,21,18,2,"Hampton University"
"166","KENEDY LILLY","C",3.93479424761676,0.61,8,5.4,2.6,1.5,0.3,0,0,0.1,76.9,50,0,43,10,13,1,2,0,0,21,2,10,12,2,1,0,0,"University of California, Davis"
"167","CARLY FAHEY","G",3.89952832523184,0.61,28,10.9,0.5,0.6,0.9,0.4,0,0.7,12.5,50,10.7,305,4,32,2,4,3,28,13,2,16,18,24,20,10,1,"University of North Carolina Asheville"
"168","AMARI CONN","G",3.89799780649857,0.61,9,23.1,5.8,1.9,1,0.6,0.2,1.2,37.5,0,38.5,208,21,56,0,0,10,26,52,7,10,17,9,11,5,2,"University of Arkansas at Little Rock"
"169","KARI NIBLACK","F",3.85699109517228,0.6,27,19.5,7.6,4,0.6,0.7,1.7,1.6,44.3,71.1,0,526,70,158,64,90,0,1,204,42,66,108,17,44,20,45,"West Virginia University"
"170","FRUZSINA HORVATH","F",3.8418244054353,0.6,18,25.4,11.7,5.4,1.1,0.7,0.3,2,43.2,66.7,40,458,82,190,18,27,28,70,210,29,68,97,19,36,13,6,"St. Francis College Brooklyn"
"171","MEGAN JENSEN","C",3.8413394667069,0.6,31,17.3,6.3,4.4,1.3,0.5,0.7,1.5,53.7,69.2,0,536,88,164,18,26,0,10,194,48,87,135,39,46,16,23,"Utah Valley University"
"172","TIONNA CARTER","F",3.8218870138909,0.59,26,25.5,10.4,5.9,0.5,0.7,0.6,2.1,44.5,67.9,20.8,664,97,218,72,106,5,24,271,56,97,153,12,55,18,16,"Presbyterian College"
"173","ZARIA HARLEAUX","F",3.81982063257798,0.59,13,5.4,1.2,1.5,0,0.2,0.3,0.2,60,66.7,0,70,6,10,4,6,0,0,16,10,10,20,0,3,2,4,"Southern University, Baton Rouge"
"174","RITA IGBOKWE","C",3.81157946360584,0.59,30,22,6.1,7.4,0.3,0.7,2.3,1.5,44.9,53.2,0,660,75,167,33,62,0,0,183,87,136,223,9,46,22,68,"University of Pittsburgh"
"175","HANNAH ROBERTS","C",3.80887640025306,0.59,20,10.5,5.1,1.3,0.5,0.8,0.1,0.9,45.2,75,45.9,209,38,84,9,12,17,37,102,6,19,25,9,18,16,2,"University of South Carolina Upstate"
"176","KADIATOU SISSOKO","F",3.79710516680435,0.59,33,24.6,10.8,5.7,1.4,0.7,0.3,2.7,41.5,72.2,21.4,813,136,328,78,108,6,28,356,70,119,189,46,90,24,10,"University of Minnesota, Twin Cities"
"177","NYKALE CRAMER","G",3.79606456286542,0.59,22,6,3.3,0.6,0.5,0.3,0,0.3,46.9,72.2,37.8,132,23,49,13,18,14,37,73,3,10,13,10,7,6,1,"Abilene Christian University"
"178","EMILY MCATEER","F",3.78964328120661,0.59,16,8.4,1.8,1.6,0.1,0.3,0.1,0.3,28.9,66.7,21.4,134,11,38,4,6,3,14,29,8,17,25,2,5,4,1,"Loyola University Maryland"
"179","CRYSTAL SMITH","G",3.7846771612331,0.59,7,6.9,1.6,0.9,1.1,1.1,0.1,1,40,42.9,0,48,4,10,3,7,0,0,11,0,6,6,8,7,8,1,"Tarleton State University"
"180","JORDAN SWEENEY","G",3.76323451276739,0.59,25,9.2,1.7,1.1,0.8,0.4,0,0.5,51.7,87.5,50,231,15,29,7,8,6,12,43,7,21,28,21,12,9,0,"Idaho State University"
"181","NICOLE AVILA-AMBROSI","G",3.75655897423875,0.58,23,15.1,5.3,1.4,0.8,1.1,0.2,0.9,37.3,52,32.4,348,44,118,13,25,22,68,123,18,14,32,18,20,25,4,"California Baptist University"
"182","JAYLA JOHNSON","F",3.74758701039331,0.58,30,22.6,12.7,4.1,0.7,0.9,0.5,2.9,37.1,71.3,27,677,135,364,92,129,20,74,382,40,82,122,21,86,27,14,"The University of North Carolina at Greensboro"
"183","RYLIE STEPHENS","G",3.74470325231617,0.58,14,5.1,1.3,0.7,0.1,0.1,0.4,0.3,25,83.3,11.1,71,6,24,5,6,1,9,18,3,7,10,2,4,2,5,"University of Evansville"
"184","BRAYLYN DOLLAR","F",3.73877706141043,0.58,23,6.3,1.3,1.7,0.2,0.3,0.1,0.6,34.4,83.3,50,144,11,32,5,6,2,4,29,9,30,39,5,14,6,3,"Sam Houston State University"
"185","NATALIE BARTLE","G",3.73270551451571,0.58,19,16.3,6.4,3,0.5,1.2,0.1,1.1,35,84.2,20.8,309,42,120,32,38,5,24,121,8,49,57,9,20,22,1,"University of Nebraska Omaha"
"186","RANDRIA ANDERSON","G",3.73061558821105,0.58,10,5.6,2.3,0.7,0.7,0.2,0.1,0.7,37.5,80,9.1,56,9,24,4,5,1,11,23,1,6,7,7,7,2,1,"Campbell University"
"187","OLIVIA SKIBIEL","G",3.72876440112322,0.58,28,18.8,4.6,3,0.6,0.5,0,1,31.5,93.3,26,526,45,143,14,15,25,96,129,16,67,83,18,29,13,1,"North Dakota State University"
"188","JANAE GONZALES","G",3.72325336702358,0.58,30,12.5,3.9,1.7,0.2,0.2,0,0.8,33.6,71.4,33,374,38,113,10,14,32,97,118,1,49,50,6,24,7,1,"Loyola University Chicago"
"189","DENISE SOLIS","F",3.71947349201938,0.58,26,24.8,9.2,4.5,1.2,0.8,0.6,2.5,50,65.1,0,646,91,182,56,86,0,0,238,48,68,116,30,64,21,15,"University of Massachusetts Lowell"
"190","KRISTINA DONZA","G",3.71610704636121,0.58,29,20.3,3.8,1.9,0.6,0.3,0.2,0.6,31.3,66.7,26.1,590,41,131,6,9,23,88,111,19,36,55,18,17,9,6,"U.S. Naval Academy"
"191","JADA WRIGHT","C",3.64697125789766,0.57,21,20.4,7,8.1,0.7,1,2.2,1.8,37.8,68.4,50,429,59,156,26,38,4,8,148,47,124,171,15,37,20,47,"Wright State University"
"192","SHALEXXUS AARON","G",3.63972225947843,0.57,16,29.3,12,4.3,2.1,0.8,0.4,2.8,37.2,85.7,32.3,469,68,183,24,28,32,99,192,19,49,68,34,45,13,6,"Texas Southern University"
"193","CLAIRE GALLAGHER","G",3.61636575337027,0.56,25,23.5,6.8,2.9,0.8,0.3,0.1,1.5,37.9,78.6,36.5,588,61,161,11,14,38,104,171,10,62,72,20,37,8,2,"Lafayette College"
"194","JAZMYN GAINES-BURNS","G",3.61527547740231,0.56,22,14.3,0.6,1.7,0.4,0.1,0.2,0.5,15.2,50,5.9,314,5,33,3,6,1,17,14,28,10,38,8,11,3,5,"Morehead State University"
"195","JALA JORDAN","F",3.6100441608707,0.56,28,16.4,6.4,3.9,0.5,0.3,0.9,1.4,38.5,57.9,32.1,459,70,182,22,38,18,56,180,28,80,108,13,38,8,25,"Auburn University"
"196","JILLIAN ARCHER","F",3.60158877610103,0.56,22,26.1,8,6.9,1.1,0.8,0.8,1.8,54.5,67.9,33.3,575,67,123,36,53,5,15,175,45,106,151,25,39,17,17,"Georgetown University"
"197","RACHEL HAKES","G",3.58745501779821,0.56,32,35.7,7.3,5.1,5.8,1.5,0.3,2.3,47,84,42.4,1141,71,151,68,81,25,59,235,36,128,164,187,75,48,8,"Fairfield University"
"198","ANJA KNOFLACH","G",3.56874324415042,0.56,23,18.4,4.7,3,0.3,0.4,0.1,0.7,33.1,87.5,33.3,424,39,118,7,8,23,69,108,17,51,68,8,16,9,2,"Siena College"
"199","SHANICE SIMPSON-WHITELEY","F",3.55763235388081,0.55,28,12,3.6,3.5,0.1,0.6,0.5,0.8,54.9,69.7,25,335,39,71,23,33,1,4,102,39,58,97,4,22,17,13,"University of Tennessee at Martin"
"200","DERIN ERDOGAN","G",3.53302563082388,0.55,13,5.2,1.1,0.2,0.4,0,0,0.5,35.3,33.3,16.7,68,6,17,1,3,1,6,14,1,1,2,5,6,0,0,"University of Arizona"
"201","KLARKE SCONIERS","C",3.52366373075804,0.55,11,7.4,1,1.5,0.1,0.1,0.5,0.3,33.3,75,0,81,4,12,3,4,0,0,11,6,11,17,1,3,1,5,"University of Minnesota, Twin Cities"
"202","JODI MULLINS","G",3.51741228552711,0.55,17,4.6,1.5,0.2,0.1,0.2,0,0.2,34.6,50,28.6,78,9,26,3,6,4,14,25,2,2,4,1,4,4,0,"Kennesaw State University"
"203","DIAMOND STOKES","F",3.51099674010252,0.55,22,17.7,5.4,4.1,0.1,0.7,0.5,0.7,51,54.5,0,389,50,98,18,33,0,1,118,27,64,91,2,15,16,12,"Wright State University"
"204","KYREN WHITTINGTON","G",3.4854699138749,0.54,26,26.8,15.8,3.3,1.5,1.1,0.3,3.7,42.9,74.4,27.8,698,154,359,87,117,15,54,410,34,51,85,40,95,28,9,"University of Louisiana Monroe"
"205","DANIELLE GRIM","G",3.48102692112558,0.54,27,23.3,4.1,2.3,1.4,0.7,0.2,1.3,29.2,45.5,28,628,42,144,5,11,23,82,112,14,48,62,37,34,19,5,"Long Island University"
"206","NATALIE MCNEAL","G",3.47296264617085,0.54,27,33.7,9.4,5.3,1.9,0.9,0.3,2.1,38.8,69.7,29.6,910,104,268,23,33,24,81,255,36,107,143,51,56,25,8,"Saint Louis University"
"207","JANAIA FARGO","G",3.4484137562768,0.54,29,27.3,8.2,1.8,1.3,0.8,0,2.8,37.4,69.4,31.6,792,79,211,43,62,36,114,237,12,39,51,39,82,22,1,"Charleston Southern University"
"208","MARIYA TASER","G",3.43755738871498,0.54,7,3.6,0.4,0.7,0.4,0.1,0,1,100,0,100,25,1,1,0,0,1,1,3,1,4,5,3,7,1,0,"The University of Texas Rio Grande Valley"
"209","CAMILLE GRAY","G",3.42197895612677,0.53,22,10,0.9,1.9,0.1,0.9,0,0.6,38.1,30,0,219,8,21,3,10,0,0,19,19,23,42,2,13,20,1,"Long Island University"
"210","LINDA VAN SCHAIK","G",3.41438470197474,0.53,29,17.1,4.7,4,0.8,0.8,0.3,1,35.3,76.9,27.7,495,42,119,30,39,23,83,137,34,81,115,24,28,22,8,"University of Louisiana Monroe"
"211","PAULLA WEEKES","F",3.39793460664996,0.53,10,7.8,0.9,1.5,0.6,0.5,0.1,0.7,60,60,0,78,3,5,3,5,0,0,9,2,13,15,6,7,5,1,"Iona College"
"212","JAKAYLA BROWN","G",3.39435311067778,0.53,8,31,13,3.8,2,1,0.1,1,28,67.6,28.1,248,35,125,25,37,9,32,104,14,16,30,16,8,8,1,"Hofstra University"
"213","VERONICA CHARLES","G",3.389336842604,0.53,21,8.8,1.2,2.2,0.7,0.5,0,0.7,22.7,60,10.5,184,10,44,3,5,2,19,25,23,24,47,14,14,11,0,"Stony Brook University"
"214","TAYLOR WU","G",3.38708152695145,0.53,13,9.2,1.6,0.6,0.5,0.6,0,0.8,16.7,75,10.7,119,6,36,6,8,3,28,21,1,7,8,6,10,8,0,"California Baptist University"
"215","SHAMARRE HALE","F",3.33830134905901,0.52,3,11,5.3,2.7,0,0.7,0.3,1,77.8,100,0,33,7,9,2,2,0,0,16,2,6,8,0,3,2,1,"Wright State University"
"216","TOVA SABEL","G",3.33516121251032,0.52,26,16.3,5.3,2.7,0.7,0.7,0.1,1.1,41.3,63.6,29.8,424,50,121,21,33,17,57,138,28,41,69,18,28,19,2,"Pennsylvania State University"
"217","CHRISTINA KLINE","G",3.33359541933581,0.52,26,8.8,2.7,1.5,0.2,0.4,0.2,0.6,38.1,100,43.5,228,24,63,2,2,20,46,70,8,30,38,6,16,10,6,"La Salle University"
"218","PAULA MAURINA","F",3.32910828869016,0.52,25,25.7,13,3.9,0.8,0.5,0.8,3.4,47.9,69.1,22.9,642,124,259,67,97,11,48,326,28,69,97,21,84,12,21,"University of Hartford"
"219","TENIN MAGASSA","C",3.29507560515632,0.51,31,18.1,5.9,6.2,1,0.6,2.1,2,52.1,54.2,0,562,75,144,32,59,0,0,182,62,131,193,31,61,18,65,"University of Dayton"
"220","MORGAN BAIRD","F",3.29375469265292,0.51,27,8.9,1.6,1.4,0.4,0.3,0.1,0.1,34.9,52.4,25,241,15,43,11,21,1,4,42,16,23,39,10,4,8,3,"Portland State University"
"221","AJA BLOUNT","F",3.27286033581179,0.51,26,31.1,19.7,9.5,1.7,1.1,0.2,3,47,77.3,29.9,809,185,394,119,154,23,77,512,83,164,247,44,77,28,5,"Coastal Carolina University"
"222","ISABELA HERNANDEZ","F",3.26431717999947,0.51,31,12.6,2.3,1.2,0.3,0.1,0.1,0.4,33.3,71.4,30.4,392,25,75,5,7,17,56,72,2,35,37,10,12,3,2,"San Diego State University"
"223","EMMA NOLAN","F",3.24452039079409,0.51,28,12.1,2.6,2.9,0.4,0.5,0.4,0.5,42.6,65.2,22.2,338,26,61,15,23,6,27,73,32,49,81,11,13,13,11,"St. John's University (New York)"
"224","ELISE HARDEN","F",3.20266347049772,0.5,24,17.5,7,4.7,0.3,1,0.7,2,50.7,44.7,0,421,74,146,21,47,0,0,169,41,72,113,8,47,24,17,"Tennessee State University"
"225","JORDAN PEETE","G",3.19263372813224,0.5,30,28.3,7.5,1.3,0.9,0.9,0.2,1.9,42,59.1,31.9,848,84,200,26,44,30,94,224,5,33,38,26,56,28,5,"Lipscomb University"
"226","SYDNEY BEVINGTON","G",3.18562944333038,0.5,10,5.6,0.5,1.2,0.6,0.1,0,0.3,12.5,75,0,56,1,8,3,4,0,1,5,1,11,12,6,3,1,0,"Santa Clara University"
"227","OLIVIA MASON","F",3.16333911757747,0.5,29,22.7,6.9,5.7,0.9,1.8,0.2,1.4,46.3,48.6,100,658,82,177,34,70,1,1,199,74,91,165,26,41,51,5,"Niagara University"
"228","KYANNA MORGAN","G",3.16146919734489,0.5,28,20,7,2.9,1.7,1,0.1,2.1,39.7,59.4,39.2,560,73,184,19,32,31,79,196,11,69,80,47,58,28,4,"Radford University"
"229","CHARISSE FAIRLEY","F",3.14014610956677,0.49,13,5.9,2.2,0.5,0,0,0.1,0.5,40.9,100,40,77,9,22,4,4,6,15,28,1,5,6,0,7,0,1,"California State University, Fresno"
"230","GIONNA CARR","G",3.13438104514427,0.49,14,5.3,0.3,0.9,0.2,0.3,0,0.3,22.2,0,0,74,2,9,0,3,0,2,4,6,6,12,3,4,4,0,"Tennessee State University"
"231","HAYLEY BERFIELD","G",3.09530225874728,0.48,14,8.2,1.9,0.6,0.1,0.5,0,0.4,29,66.7,23.8,115,9,31,2,3,5,21,27,4,4,8,1,5,7,0,"High Point University"
"232","SYDNEY THURWALKER","G",3.09353663179103,0.48,7,5.9,0.7,1.9,0,0,0,0.1,22.2,50,0,41,2,9,1,2,0,2,5,7,6,13,0,1,0,0,"University of Evansville"
"233","HANNAH GIDDEY","F",3.0757290912279,0.48,8,3.6,0.9,0.5,0.4,0,0.1,0,60,50,0,29,3,5,1,2,0,0,7,0,4,4,3,0,0,1,"Oral Roberts University"
"234","SYDNEY WATKINS","G",3.07425628699982,0.48,29,9.8,3.2,0.6,0.3,0.2,0,0.4,32.7,0,36.1,285,32,98,0,0,30,83,94,0,16,16,8,12,5,0,"Manhattan College"
"235","SYDNEY WATKINS","G",3.07425628699982,0.48,15,5.2,0.3,0.7,0.2,0.6,0,0.3,20,50,0,78,2,10,1,2,0,0,5,4,6,10,3,5,9,0,"Manhattan College"
"236","KEMERY MARTIN","G",3.07396516943958,0.48,6,10.8,2.8,1.3,0.8,0,0,0.8,31.8,100,9.1,65,7,22,2,2,1,11,17,2,6,8,5,5,0,0,"University of Utah"
"237","DIABA KONATE","G",3.03942778845416,0.47,21,26.9,10,2.8,3.2,1.9,0,2.3,39.9,83.9,22.7,564,77,193,47,56,10,44,211,19,39,58,67,49,39,0,"Idaho State University"
"238","ALEXIS JOHNSON","F",3.02747363952737,0.47,27,12.6,3.6,3.5,0.6,0.5,0.1,0.7,34.2,46.2,23.5,339,40,117,6,13,12,51,98,19,75,94,17,19,14,3,"Marshall University"
"239","REBEKAH GORDON","F",3.0253364191651,0.47,28,9.1,1.3,1.3,0.3,0.2,0.1,0.3,31,53.8,25,255,13,42,7,13,4,16,37,10,27,37,8,8,5,2,"Central Michigan University"
"240","JADA RYCE","G",3.01541630996574,0.47,20,4.7,1.4,0.6,0.4,0.1,0,0.3,44,40,57.1,93,11,25,2,5,4,7,28,6,5,11,8,6,1,0,"East Tennessee State University"
"241","MYKAYLYN DAVIS","G",2.99676789976577,0.47,18,14.4,2.3,1.8,1.7,1.3,0.1,1.6,43.6,31.8,20,259,17,39,7,22,1,5,42,3,30,33,31,29,24,2,"Western Carolina University"
"242","JANEEN CAMP","C",2.98134942405709,0.46,26,16,6.8,6.7,0.4,0.7,1.9,1.8,55.8,47.8,0,417,77,138,22,46,0,0,176,70,104,174,11,47,17,49,"Coastal Carolina University"
"243","KAYLEN EVANS","G",2.94886952436292,0.46,19,5.7,0.7,0.7,0.3,0.2,0,0.5,21.1,41.7,9.1,108,4,19,5,12,1,11,14,3,10,13,5,10,3,0,"Loyola University Chicago"
"244","HALEE SMITH","G",2.92030688637099,0.46,24,4.8,1.4,0.5,0.3,0,0,0.5,56,100,44.4,115,14,25,2,2,4,9,34,7,6,13,6,11,1,0,"Quinnipiac University"
"245","ZAKIYA MAHONEY","G",2.91609887613224,0.46,22,25.8,13.6,5.4,1.2,1.6,0,2.3,39.6,64.3,29.6,568,105,265,74,115,16,54,300,63,56,119,27,51,36,0,"Mississippi Valley State University"
"246","ALISSA PILI","F",2.90536057815895,0.45,19,19.2,7.8,4.5,0.8,0.8,0.3,1.5,33.1,82.2,22.4,364,50,151,37,45,11,49,148,34,52,86,15,29,16,6,"University of Southern California"
"247","TATUM HAYES","G",2.89449004239039,0.45,27,28.5,5.7,2.3,1.9,1,0.2,2.2,26,100,24.4,769,53,204,17,17,30,123,153,16,45,61,50,60,26,6,"Bethune-Cookman University"
"248","SARA ZABRECKY","G",2.87673386562433,0.45,22,7.6,2.1,0.6,0.3,0.1,0,0.3,41,100,37.9,167,16,39,4,4,11,29,47,2,12,14,7,7,2,0,"St. John's University (New York)"
"249","LAFAEDRIA GREEN","F",2.86147894916841,0.45,13,6.9,1.6,2.2,0.5,0.3,0.1,0.5,40,16.7,0,90,10,25,1,6,0,0,21,12,17,29,6,7,4,1,"University of Louisiana at Lafayette"
"250","KOI LOVE","F",2.85370586640053,0.45,28,14.4,4.7,3.4,1,1.3,0.1,1.5,44.7,86.4,16.7,402,55,123,19,22,2,12,131,28,68,96,28,41,35,4,"University of Arizona"
"251","KIYA DORROH","F",2.83736149226313,0.44,26,9,1.1,1,0.2,0.3,0,0.5,29.7,66.7,30,235,11,37,4,6,3,10,29,8,19,27,5,14,7,1,"University of Missouri, Columbia"
"252","JAELYN BATTS","G",2.83596693146885,0.44,23,13.7,2.7,2.7,1.6,0.7,0.5,1.5,39,75,0,316,23,59,15,20,0,0,61,23,40,63,36,34,15,12,"Boston College"
"253","TAYLOR WILKINS","G",2.83471737467666,0.44,17,9.5,3.9,2.2,0.7,0.3,0.1,0.5,40.3,88.9,29,161,25,62,8,9,9,31,67,13,24,37,12,9,5,1,"McNeese State University"
"254","KYLEE BLACKSTEN","G",2.8104415783985,0.44,24,6.1,2,1,0.1,0.5,0.2,0.3,37,50,30,146,17,46,7,14,6,20,47,14,11,25,2,8,11,4,"University of Colorado, Boulder"
"255","TREASURE HUNT","G",2.80232345041089,0.44,30,23.9,6.9,4.6,1.4,0.5,0.7,1.7,35.4,53.2,25.8,718,74,209,42,79,17,66,207,57,82,139,42,50,16,21,"University of Kentucky"
"256","TRINITEE JACKSON","F",2.79942184173029,0.44,26,21,11.6,8.3,0.5,0.7,0,2.1,51.4,62.1,0,546,112,218,77,124,0,0,301,98,119,217,14,55,19,1,"Arkansas State University"
"257","LESILA FINAU","G",2.79781799408724,0.44,31,19.4,4.2,2.8,0.7,0.9,0.2,1.4,35.7,61.5,25,601,50,140,16,26,15,60,131,29,57,86,21,42,29,6,"University of Colorado, Boulder"
"258","SKYLAR BALTEZEGAR","F",2.79690688515002,0.44,26,20.8,7.2,5.8,1.1,0.7,1.3,2.6,45.5,45.9,0,540,80,176,28,61,0,0,188,40,111,151,29,67,17,33,"Charleston Southern University"
"259","CARA VANKEMPEN","G",2.79610121235652,0.44,30,14.9,2,1,0.5,0.3,0.3,0.8,34.3,100,29.2,448,23,67,1,1,14,48,61,0,29,29,15,23,8,8,"Valparaiso University"
"260","LEVOSSIE TAYLOR","F",2.78978087776823,0.44,12,8.2,2.5,1.6,0.5,0.5,0,0.3,47.1,87.5,0,98,8,17,14,16,0,0,30,7,12,19,6,4,6,0,"North Carolina A&T State University"
"261","VITA STAM","F",2.7827189976783,0.43,10,6.2,1,1.2,0.1,0.1,0.2,0.8,45.5,0,0,62,5,11,0,0,0,0,10,2,10,12,1,8,1,2,"University of North Carolina Wilmington"
"262","MARIE-LAETICIA ZIBA","G",2.77749941369271,0.43,15,11.5,1.7,2.5,0.2,0.4,0,1.2,35.3,0,18.2,172,12,34,0,4,2,11,26,9,29,38,3,18,6,0,"Sacred Heart University"
"263","KEMIA WARD","F",2.76499895058131,0.43,11,8.4,2.4,1.5,0,0.4,0.4,0.4,64.3,61.5,0,92,9,14,8,13,0,0,26,6,10,16,0,4,4,4,"Austin Peay State University"
"264","KYRA WHITE","G",2.72488893961841,0.42,25,12.2,1.3,1.4,1.1,0.4,0.3,1.4,47.6,73.3,33.3,304,10,21,11,15,1,3,32,4,30,34,28,34,10,8,"University of Southern California"
"265","KIARA BELL","F",2.72371639569013,0.42,25,16.9,6.1,4.6,0.5,0.9,0.4,1.5,31.9,75,0,422,60,188,33,44,0,3,153,62,53,115,12,38,22,9,"Long Island University"
"266","ITZIAR UGARTE","G",2.71285137804102,0.42,18,7,1.3,0.7,0.3,0.3,0,0.7,25.7,75,15.8,126,9,35,3,4,3,19,24,4,8,12,6,13,5,0,"Portland State University"
"267","JOIYA MADDOX","G",2.6886801473064,0.42,17,12.8,2.6,1.1,0.9,0.2,0.1,0.8,26.4,100,16.1,218,14,53,11,11,5,31,44,7,11,18,15,13,3,1,"Rutgers, The State University of New Jersey, New Brunswick"
"268","SKY THOMAS","F",2.67781037936798,0.42,6,2.2,0.7,0.7,0,0,0.2,0.2,100,0,0,13,2,2,0,0,0,0,4,1,3,4,0,1,0,1,"Hampton University"
"269","LANDRI HUDSON","G",2.6749073126401,0.42,8,2.8,0.3,0.6,0.3,0.4,0,0.3,25,0,0,22,1,4,0,0,0,2,2,1,4,5,2,2,3,0,"University of Wyoming"
"270","MIRACLE SAXON","F",2.67150451530905,0.42,24,21,5.8,3.3,0.8,1.1,0.3,1.3,38.7,69,28.6,503,53,137,20,29,14,49,140,18,60,78,19,32,27,7,"California State University, Bakersfield"
"271","FINLEY GARNETT","G",2.66081490448847,0.41,31,10.7,3.2,1.9,0.4,0.6,0.2,0.7,46.2,87.5,33.3,333,36,78,21,24,6,18,99,26,34,60,13,21,19,7,"Idaho State University"
"272","NYAH WILLIS","G",2.63666958235067,0.41,30,29.9,8.7,5.5,2.4,0.8,0.2,3,35,75.7,25.4,897,71,203,103,136,16,63,261,48,116,164,73,91,24,5,"Presbyterian College"
"273","BRANDY HUFFHINES","G",2.62793710640389,0.41,3,7,0.7,0,0,0.3,0,0.7,14.3,0,0,21,1,7,0,0,0,4,2,0,0,0,0,2,1,0,"Long Beach State University"
"274","MARY WILKINS","G",2.61578025473393,0.41,7,2.7,0.7,0.3,0.1,0.1,0.1,0.4,33.3,50,0,19,2,6,1,2,0,0,5,1,1,2,1,3,1,1,"Grambling State University"
"275","CLAIRE SUTHERLAND-CASE","F",2.60124535159174,0.4,24,21.4,6,4.5,0.6,0.5,0.8,1.2,30.5,78.7,30.2,513,39,128,48,61,19,63,145,36,72,108,14,29,11,19,"Central Connecticut State University"
"276","SYDNEY JAYNES","F",2.59973847528317,0.4,28,19.9,5.1,2.8,1.1,0.4,0.5,2,45.6,63.6,27.8,557,62,136,14,22,5,18,143,23,56,79,31,57,10,15,"Butler University"
"277","LOGAN COOK","F",2.57649486955839,0.4,13,7.3,0.8,2.1,0.5,0.1,0.1,0.8,33.3,75,0,95,4,12,3,4,0,3,11,3,24,27,7,10,1,1,"University of Iowa"
"278","KAMARIA GIPSON","C",2.5750282306806,0.4,28,14,2.6,2.9,0.3,0.4,0.7,1.1,45.6,43.5,0,393,31,68,10,23,0,0,72,32,48,80,7,31,10,19,"San Diego State University"
"279","SIERRA MORROW","F",2.56272679902868,0.4,25,25.2,6.4,5.4,0.7,0.6,1.6,1.5,45.1,52.2,28.6,631,64,142,24,46,8,28,160,40,95,135,18,38,16,40,"Bradley University"
"280","MADISON ROSHELLE","G",2.56076020025915,0.4,9,5.2,1.6,0.2,0,0.2,0,1.1,28.6,62.5,33.3,47,4,14,5,8,1,3,14,1,1,2,0,10,2,0,"Radford University"
"281","MARLEY LANGI","F",2.54496878534924,0.39,21,6.2,1.8,1,0,0.3,0,0.8,28.3,100,30,130,13,46,2,2,9,30,37,5,15,20,1,16,6,1,"University of California, Davis"
"282","NATALIE VILLAFLOR","G",2.52644766392818,0.39,26,16.7,4.6,2.2,0.8,0.8,0.1,0.8,32.9,69.6,29.7,434,46,140,16,23,11,37,119,20,37,57,20,21,21,2,"Robert Morris University"
"283","JAZMYN TURNER","F",2.50690357010711,0.38,18,5.8,2.6,1.7,0.2,0.2,0.1,0.4,58.6,61.1,25,105,17,29,11,18,1,4,46,13,17,30,3,7,4,1,"Ball State University"
"284","TAVY DIGGS","G",2.49439313687064,0.38,26,14.2,6,3.2,1.2,0.9,0.2,1.7,44.4,54.3,15.4,370,64,144,25,46,2,13,155,18,66,84,30,45,24,6,"Texas Christian University"
"285","CHANTELL GONZALEZ","C",2.47986652145457,0.38,5,3.8,0.6,0.4,0,0.2,0.2,0,14.3,25,0,19,1,7,1,4,0,0,3,0,2,2,0,0,1,1,"Siena College"
"286","ZOE MILLER","F",2.47088759112691,0.38,23,13.6,8.1,3,0.4,0.5,0.2,1.1,46.8,68.9,20,313,66,141,51,74,3,15,186,24,46,70,10,25,11,5,"Bowling Green State University"
"287","BRIANNA TINSLEY","G",2.46238229273202,0.38,29,20.5,5.3,1.6,1.8,0.8,0.1,2,32.7,87.1,30.7,595,50,153,27,31,27,88,154,7,38,45,52,57,22,2,"James Madison University"
"288","ALEXIS PRATT","G",2.45214526076325,0.38,26,25.9,5.3,2.9,2.3,1,0,2.5,27.9,58.1,0,674,46,165,43,74,0,24,137,18,58,76,60,66,27,0,"University of Nebraska Omaha"
"289","SELMA KULO","F",2.44879606399726,0.38,27,10,2.1,2.1,0.4,0.2,0.8,0.8,44.3,25,0,271,27,61,3,12,0,1,57,22,35,57,11,21,6,21,"Western Kentucky University"
"290","ALEXA WALLACE","G",2.43645952546432,0.37,14,10.9,1.6,1.6,0.6,0.2,0.1,1.3,35.3,64.3,20,152,6,17,9,14,1,5,22,6,17,23,8,18,3,2,"Monmouth University"
"291","SIOBHAN BOYLAN","G",2.4195648736389,0.37,28,11.3,2.1,1.3,0.5,0.5,0.2,0.6,26.5,75,27.3,315,18,68,15,20,9,33,60,6,31,37,13,16,14,6,"Marist College"
"292","JENNA KILTY","G",2.41930100664512,0.37,26,9.8,2.7,0.9,0.4,0.1,0.1,0.5,31.6,100,29.4,255,25,79,5,5,15,51,70,7,16,23,11,14,3,2,"Portland State University"
"293","NINA FARKIC","G",2.4065967751994,0.37,10,26,8.1,4.6,2.6,1.2,0.1,2,36.6,66.7,17.6,260,34,93,10,15,3,17,81,16,30,46,26,20,12,1,"University of Hartford"
"294","SAVANNAH DEWS","F",2.40210513053546,0.37,15,6.5,1,1.6,0.3,0.1,0.3,0.5,33.3,25,0,98,7,21,1,4,0,5,15,8,16,24,4,8,2,4,"Coastal Carolina University"
"295","CARLEY HUDSPETH","G",2.3959017745154,0.37,28,26.3,5.5,1.6,0.9,0.4,0.1,1.3,29.2,74.2,28.9,736,49,168,23,31,33,114,154,17,28,45,24,37,12,2,"University of Central Arkansas"
"296","LOREN CHRISTIE","F",2.3884798276964,0.37,34,20,5.3,4.4,0.5,0.4,1,1.4,45.1,68.6,24.1,681,69,153,35,51,7,29,180,42,106,148,16,46,12,35,"University at Buffalo, the State University of New York"
"297","CAITLIN MCGEE","F",2.38781566119731,0.37,32,13.4,3.3,3.1,0.6,0.4,0.5,1,51.2,50,20,428,41,80,21,42,1,5,104,50,49,99,18,33,13,17,"University of Mississippi"
"298","KYANNAH GRANT","G",2.37366441203601,0.36,26,32.5,6.9,2.2,2.2,1.2,0.1,2,42.9,76,37.2,844,63,147,38,50,16,43,180,6,51,57,57,52,30,3,"University of Tennessee at Martin"
"299","DAZIA POWELL","G",2.36360960507142,0.36,17,10.9,2.4,1.6,0.5,0.6,0,1.1,34.8,57.1,27.8,185,16,46,4,7,5,18,41,6,21,27,8,18,10,0,"University of North Carolina Wilmington"
"300","SARA MAJOROSOVA","G",2.35728397378151,0.36,16,8.9,1.6,0.4,0.4,0.3,0.2,1,26.7,70,15.4,142,8,30,7,10,2,13,25,0,6,6,7,16,5,3,"Southern Illinois University Edwardsville"
"301","TAYLOR WILLIAMS","F",2.34661190336009,0.36,28,24.1,11.9,8.6,0.9,1.6,1,2.3,42.8,54.1,21.1,674,130,304,66,122,8,38,334,47,195,242,26,63,45,29,"Bethune-Cookman University"
"302","TAYLOR WILLIAMS","F",2.34661190336009,0.36,27,23.7,8.1,3.3,1.7,1.1,0.3,3.6,41,58.5,33.3,639,77,188,62,106,3,9,219,23,67,90,46,98,31,8,"Bethune-Cookman University"
"303","ANABEL ELLISON","G",2.34627531976492,0.36,24,24.3,6.3,3.1,2.7,1.2,0.3,3,28.8,66.2,23,584,45,156,45,68,17,74,152,21,54,75,64,71,29,6,"Marist College"
"304","MADISON DEMSKI","F",2.34618207724807,0.36,31,17.2,5.5,2.2,0.5,0.2,0.1,1,42.9,66.7,31,533,63,147,22,33,22,71,170,26,41,67,16,32,5,3,"College of the Holy Cross"
"305","ALICJA FALKOWSKA","C",2.32765249811175,0.35,18,7.8,1.3,1.6,0.4,0.1,0.3,0.5,60,50,0,141,9,15,6,12,0,0,24,12,17,29,7,9,2,5,"California State University, Sacramento"
"306","TARA STAUFFACHER","F",2.32648500198517,0.35,29,12.7,2,1.7,0.4,0.3,0,0.6,31.4,83.3,21.4,368,22,70,5,6,9,42,58,16,32,48,13,16,8,1,"University of Wisconsin-Madison"
"307","JABRIA INGRAM","G",2.31891688532161,0.35,26,24.2,5.8,2.5,2.8,1.3,0.2,3.6,35,58.5,17.9,630,57,163,31,53,5,28,150,14,51,65,73,94,34,4,"University of Hartford"
"308","DESTINEE OBERG","F",2.30998087600594,0.35,19,6.6,1.4,1.6,0.8,0.1,0.2,0.3,48,33.3,0,126,12,25,2,6,0,0,26,11,19,30,15,5,1,3,"University of Arkansas, Fayetteville"
"309","SERAPHINE BASTIN","G",2.306820651796,0.35,25,28.6,7.6,6.6,4,1.5,0.3,2.9,38.4,82.8,9.1,716,56,146,77,93,1,11,190,74,92,166,101,72,38,7,"Wichita State University"
"310","ADAORA ONWUMELU","F",2.29887178299136,0.35,12,3.7,0.9,1.4,0,0.1,0.1,0.3,16.7,87.5,0,44,2,12,7,8,0,0,11,9,8,17,0,3,1,1,"Auburn University"
"311","ISABELLA GERACI","G",2.28541175958291,0.34,30,15.2,3.8,2.4,1.1,0.7,0,1.3,37.9,73.3,30.2,456,39,103,22,30,13,43,113,22,50,72,34,39,22,1,"Cleveland State University"
"312","CAITLYNN DANIELS","G",2.28524603046456,0.34,30,15.5,4,2.5,1.7,0.6,0.1,1.4,32,68.2,32.4,465,41,128,15,22,24,74,121,5,69,74,50,43,19,3,"University of Alabama at Birmingham"
"313","DENIJSHA WILSON","G",2.20575496612494,0.33,28,18.3,4.5,2,1.3,1.1,0.1,1.3,41.5,69.6,26.1,511,44,106,32,46,6,23,126,12,45,57,36,37,30,2,"University of South Carolina Upstate"
"314","TAKIYA HOWARD","G",2.19584876952567,0.33,14,3.1,0.5,0.7,0.1,0.1,0.1,0.3,28.6,42.9,0,44,2,7,3,7,0,0,7,3,7,10,1,4,1,1,"Murray State University"
"315","CHEYENNE TALBOT","G",2.19002162510362,0.33,21,8.6,1.5,0.9,0.3,0.4,0.2,0.5,29.4,68.8,0,180,10,34,11,16,0,2,31,9,9,18,7,10,8,5,"Siena College"
"316","OSHA CUMMINGS","G",2.17832167066148,0.33,17,4.2,0.5,0.5,0.1,0.1,0,0.4,30.8,33.3,0,71,4,13,1,3,0,3,9,2,7,9,2,6,2,0,"Northwestern State University"
"317","HELENA DELARUELLE","G",2.15173499258959,0.32,26,26.5,6.4,5.2,2.6,1.4,0,2.7,33.2,62.8,29,690,61,184,27,43,18,62,167,43,93,136,67,69,36,1,"University of New Hampshire"
"318","UNIQUE MILLER","C",2.14963274984322,0.32,24,26.8,8.4,7.4,1.2,0.5,0.5,2.4,44,63.5,0,644,77,175,47,74,0,2,201,49,129,178,28,58,13,13,"Delaware State University"
"319","C'ERRA MAHOLMES","F",2.12780714205326,0.32,24,11.1,3.4,1.8,0.2,0.7,0.2,0.8,36,71.4,14.7,267,31,86,15,21,5,34,82,12,32,44,4,20,16,4,"Oakland University"
"320","TRACEY HUESTON","F",2.07800924049343,0.31,21,7.6,1.8,1.3,0.1,0.3,0.3,0.8,43.2,50,37.5,159,16,37,2,4,3,8,37,9,18,27,2,16,7,6,"University of Pittsburgh"
"321","YAMANI PAUL","F",2.06964648571137,0.31,17,6.8,1.5,1.2,0.1,0.1,0,0.6,37.5,54.5,33.3,116,9,24,6,11,2,6,26,5,16,21,1,11,1,0,"Kennesaw State University"
"322","EMMA WAX","G",2.05320527390001,0.31,21,14,2.6,0.9,0.8,0.3,0.2,1,24.4,75,28,294,19,78,3,4,14,50,55,1,18,19,16,22,6,4,"Marist College"
"323","CARLY REYNOLDS","C",2.04481067519879,0.31,25,8.6,0.8,1,0.1,0.1,0.1,0.4,43.5,0,0,216,10,23,0,0,0,0,20,9,17,26,2,10,3,3,"Central Connecticut State University"
"324","JOSIE FILER","F",2.02977293437136,0.31,16,25.6,6.7,6.1,1,0.8,0.1,1.7,43.8,76.7,22.2,409,39,89,23,30,6,27,107,29,68,97,16,27,13,1,"University of Nebraska Omaha"
"325","NEYSA MUNGUIA","C",1.9730514551388,0.3,10,7.2,0.6,0.8,0.1,0.2,0.2,0.3,33.3,33.3,0,72,2,6,2,6,0,0,6,3,5,8,1,3,2,2,"California State University, Sacramento"
"326","KATERI POOLE","G",1.95425325794211,0.3,24,16.7,5,2.7,2.5,1,0.1,2.3,39,53.8,34.1,400,39,100,28,52,15,44,121,9,56,65,60,56,23,2,"The Ohio State University"
"327","MAYA WHITESIDE","F",1.95301118982863,0.3,6,8.8,1,1,0,0.2,0.2,0.5,20,100,0,53,2,10,2,2,0,2,6,2,4,6,0,3,1,1,"Long Island University"
"328","AMARIS BAKER","G",1.94953099379625,0.3,28,15.1,3,0.8,0.5,0.4,0,1,34.1,100,31.5,422,31,91,4,4,17,54,83,7,15,22,14,27,10,0,"Kennesaw State University"
"329","KOURTNEY WEBER","G",1.94425397006628,0.29,26,16.2,3.1,1.6,1,0.5,0.3,0.8,30.1,75,14.6,421,31,103,12,16,7,48,81,8,33,41,27,21,14,8,"Florida State University"
"330","CAROLINE STRANDE","G",1.93887148370579,0.29,10,5.3,1.5,0.4,0.2,0.2,0,0.2,41.7,71.4,0,53,5,12,5,7,0,3,15,0,4,4,2,2,2,0,"University of Minnesota, Twin Cities"
"331","TYRA BROWN","G",1.91785878979515,0.29,26,17.7,6.3,1.7,1.5,0.6,0,2,34,71.4,30.4,461,52,153,35,49,24,79,163,5,40,45,38,52,16,1,"Coastal Carolina University"
"332","ELIZABETH MARSICANO","F",1.91633597145193,0.29,22,16.7,5.2,2.5,1.3,0.2,0.5,1.2,46.3,68.4,37.8,367,44,95,13,19,14,37,115,15,39,54,28,27,5,12,"Saint Joseph's University"
"333","AYZHIANA BASALLO","G",1.89567758491552,0.29,24,13.5,4.8,1,1.3,0.1,0,1.1,35.3,87,37.9,325,36,102,20,23,22,58,114,6,18,24,31,27,2,1,"Arizona State University"
"334","JACORRIAH BRACEY","G",1.8894609002174,0.29,22,6.5,1.5,1,0.4,0.3,0,0.5,28.3,77.8,10,144,13,46,7,9,1,10,34,7,16,23,9,10,6,0,"University of Mississippi"
"335","JAYLA ADAMS","G",1.84656371436831,0.27,28,26.1,5.2,2.9,3.5,0.7,0.1,2.4,27.4,57.6,20,730,49,179,38,66,10,50,146,9,72,81,97,67,19,2,"George Mason University"
"336","BROOKE JESSEN","F",1.83388487190996,0.27,31,12.1,2.7,2.7,0.5,0.2,0.2,0.9,38.4,78.6,24.1,376,33,86,11,14,7,29,84,25,60,85,16,28,5,5,"The University of Texas Rio Grande Valley"
"337","REAGAN HUNE","G",1.83113889687473,0.27,17,6.5,2.9,0.9,0.1,0.3,0.1,0.5,46.5,66.7,28.6,111,20,43,8,12,2,7,50,2,14,16,1,9,5,2,"University of North Alabama"
"338","SOPHIA NOLAN","F",1.81071743052518,0.27,10,3.8,0.6,0.7,0.1,0.1,0,0.1,21.4,0,0,38,3,14,0,0,0,8,6,2,5,7,1,1,1,0,"St. John's University (New York)"
"339","KENDALL FOLLEY","G",1.80056401440391,0.27,28,18,4.3,1.8,1.7,0.9,0.1,1.5,35.1,61.3,25.6,505,46,131,19,31,10,39,121,7,44,51,48,42,24,2,"Oakland University"
"340","SHAKARA ANDERSON","G",1.79888056632511,0.27,15,5.3,0.6,1.1,0.5,0.3,0.1,0.3,7.7,83.3,0,80,2,26,5,6,0,8,9,5,11,16,7,4,4,2,"Gardner-Webb University"
"341","KAYLA WHITE","F",1.79858886623319,0.27,26,26,7.2,2.7,2,1.4,0.2,3.4,37.4,73.9,4,677,76,203,34,46,1,25,187,19,50,69,52,89,37,4,"Southern Methodist University"
"342","DANIELLE MONTELBANO","G",1.78856290513378,0.26,28,19.8,3.8,1.7,2.2,0.6,0.1,2.7,35.7,58.1,23.1,553,41,115,18,31,6,26,106,5,43,48,61,76,17,2,"Radford University"
"343","SHYAN MWAI","G",1.76179164420858,0.26,27,26.9,7.3,2.3,1.6,0.7,0.3,2.3,33.3,74.4,22.2,725,73,219,29,39,22,99,197,11,51,62,43,61,20,8,"Iona College"
"344","KAYLA MITCHELL","G",1.75912534591446,0.26,29,24.6,3.2,2.3,2.9,1,0,2.4,28,77.1,28.6,712,28,100,27,35,10,35,93,10,56,66,84,69,28,1,"Lamar University"
"345","JADA CLAUDE","F",1.7566028334295,0.26,28,31.4,13.6,7.1,0.7,0.6,0.4,2.4,40.8,73.8,21.3,879,145,355,79,107,13,61,382,63,135,198,20,68,16,11,"Morehead State University"
"346","RILEY CHILDS","F",1.75045448316286,0.26,16,21.7,5.9,6.7,0.8,1,0.6,1.9,34.4,76.2,34.3,347,33,96,16,21,12,35,94,17,90,107,12,30,16,9,"Boston University"
"347","JADA MOORE","G",1.70265544414879,0.25,29,11.6,2.3,2.1,0.9,0.5,0.2,1,34.6,66.7,21.4,337,27,78,8,12,6,28,68,16,45,61,27,28,14,5,"Kansas State University"
"348","ASHANTI LAVERGNE","C",1.66014751038739,0.24,27,12,1.7,2.3,0.2,0,0.6,0.5,36.4,63.6,0,323,16,44,14,22,0,1,46,18,43,61,6,14,1,17,"Grambling State University"
"349","SAULE KAUPYTE","F",1.65843019199854,0.24,6,2.7,0.5,1.3,0,0,0,0.3,20,50,0,16,1,5,1,2,0,1,3,6,2,8,0,2,0,0,"Monmouth University"
"350","THEA MIKKELSEN","G",1.6557990466469,0.24,14,5.1,1.6,0.6,0.3,0.1,0,0.4,27.8,64.7,16.7,71,5,18,11,17,1,6,22,4,5,9,4,6,2,0,"Long Beach State University"
"351","EDEN SAMPLE","G",1.65321837446177,0.24,13,3.2,0.8,0.5,0.2,0.1,0.1,0.1,26.7,33.3,0,42,4,15,2,6,0,8,10,4,2,6,2,1,1,1,"Old Dominion University"
"352","PARKER STAFFORD","F",1.62228766398198,0.24,29,8,1.4,2,0.6,0.5,0,0.6,39.5,41.2,0,231,17,43,7,17,0,0,41,33,26,59,17,17,15,0,"Eastern Illinois University"
"353","ASHLEY TUDOR","G",1.60484871640818,0.24,27,19.8,8.1,4.5,1.3,0.7,0.4,3.1,40,70.5,30.2,535,72,180,62,88,13,43,219,36,85,121,35,84,19,12,"Radford University"
"354","LEANDRA ECHI","G",1.60002655320208,0.23,31,23.9,3.9,3.8,1.4,1,0.3,1.8,41.2,64.4,0,740,42,102,38,59,0,2,122,35,82,117,43,56,30,10,"Sam Houston State University"
"355","MIA GRIZELJ","F",1.56984176316681,0.23,15,6,0.7,1,0.1,0,0.1,0.6,22.2,50,0,90,4,18,2,4,0,5,10,8,7,15,2,9,0,2,"Saint Mary's College of California"
"356","HAYLEY HARRISON","G",1.56763857354537,0.23,25,22.4,5,3,1.3,1,0.2,1.8,30,78.9,26.7,559,42,140,30,38,12,45,126,13,61,74,33,44,25,4,"University of Tennessee at Martin"
"357","ERIKA PORTER","F",1.56749514597361,0.23,23,13,4.2,2.3,0.3,0.3,0.9,1.1,52.2,57.4,0,299,35,67,27,47,0,0,97,23,31,54,6,26,7,21,"University of Illinois Urbana-Champaign"
"358","RONNI WILLIAMS","G",1.56701408971913,0.23,25,34,6.4,4.9,5.2,2.4,0.1,3.8,34.2,62.3,20,851,40,117,76,122,3,15,159,38,84,122,129,94,61,2,"Mississippi Valley State University"
"359","GIA THORPE","G",1.54540017783274,0.23,21,19,4.4,2.3,0.6,1.1,0.1,1.4,33,71.1,9.1,398,32,97,27,38,2,22,93,25,23,48,13,29,23,3,"Howard University"
"360","ARIANNA JOHNSON","F",1.51526662385529,0.22,9,4.4,1.2,0.6,0.1,0,0,0.3,55.6,100,0,40,5,9,1,1,0,1,11,2,3,5,1,3,0,0,"Niagara University"
"361","JESSICA PETERSON","C",1.51315230629905,0.22,22,8.5,2.4,2.7,0.2,0.1,0.6,0.9,52.4,44.4,0,186,22,42,8,18,0,0,52,28,31,59,5,19,3,14,"California State University, Fresno"
"362","PRIMA CHELLIS","F",1.50379570908374,0.22,31,20.9,6.5,5.1,1.5,1.4,0.1,2.1,44.8,72.8,20,648,65,145,67,92,3,15,200,63,96,159,45,65,42,4,"Southern Illinois University Edwardsville"
"363","TAYLOR LANGAN","G",1.49154273008521,0.22,9,26,6.6,4.9,1.4,0.8,0.3,2.2,37.3,71.4,19,234,25,67,5,7,4,21,59,17,27,44,13,20,7,3,"Colgate University"
"364","OLIVIA CLAYTON","F",1.47754894975223,0.22,12,5.8,0.5,1.3,0.1,0,0,0.5,25,0,0,69,3,12,0,2,0,1,6,7,8,15,1,6,0,0,"The University of Tulsa"
"365","D'SHARA BOOKER","F",1.47572274994943,0.22,26,17.3,8.3,5,0.5,0.2,0.1,1.1,65.5,54.7,0,450,93,142,29,53,0,0,215,45,84,129,12,29,6,3,"Austin Peay State University"
"366","JATYJIA JONES","G",1.4715171946328,0.22,25,12.4,3,1.9,0.4,0.3,0.1,0.8,40.3,70.6,37,309,27,67,12,17,10,27,76,18,30,48,10,19,8,2,"University of Memphis"
"367","JOHNE' STEWART","G",1.44627765376354,0.21,24,19,2.7,2.5,1.7,0.8,0.1,1.8,29.2,50,16,457,28,96,4,8,4,25,64,15,44,59,40,43,19,2,"Southeast Missouri State University"
"368","LARYN EDWARDS","G",1.41119501162968,0.21,18,19.9,2.7,2.2,1.7,0.8,0.1,1.3,35.1,63.6,9.1,358,20,57,7,11,1,11,48,15,24,39,31,23,14,2,"Loyola University Maryland"
"369","MICHELLE OJO","F",1.40732250649181,0.21,9,6.1,2.1,1.9,0.1,0.3,0.2,0.9,45.5,64.3,0,55,5,11,9,14,0,0,19,9,8,17,1,8,3,2,"George Washington University"
"370","HELEN STALEY","F",1.40238992103097,0.2,26,8.5,1.1,1.5,0.4,0.2,0.2,0.5,41.7,56.3,0,220,10,24,9,16,0,4,29,10,29,39,10,12,4,4,"Oakland University"
"371","KASEY KIDWELL","G",1.39733183933775,0.2,31,18.9,3.9,1.3,1.4,0.9,0,1.5,40.2,71.4,31.8,585,41,102,25,35,14,44,121,10,31,41,44,46,29,1,"Austin Peay State University"
"372","JASMEN WALTON","G",1.36759027952115,0.2,18,17.2,3.2,1.4,2.7,0.8,0,1.7,32.7,71.9,11.1,310,17,52,23,32,1,9,58,1,24,25,49,31,14,0,"North Carolina A&T State University"
"373","MICHELLE KOZICKI","C",1.33744969970578,0.2,24,8,2.2,1.8,0.2,0.3,0.1,0.3,36.1,66.7,9.1,193,22,61,8,12,1,11,53,19,24,43,5,8,7,2,"La Salle University"
"374","DAKOTA MCCAUGHAN","G",1.32741980398749,0.2,15,17.5,2.5,1.7,2.2,0.9,0,2.7,19.1,66.7,21.6,263,13,68,4,6,8,37,38,2,24,26,33,40,14,0,"University of South Carolina Upstate"
"375","ALEXIS WHITFIELD","F",1.29909590661253,0.19,21,11.8,3.5,1.8,1,0.4,0.3,1.1,43.8,46.2,23.1,247,32,73,6,13,3,13,73,9,29,38,20,23,9,6,"University of Washington"
"376","SAKERIA HARALSON","F",1.21261610186044,0.18,11,6,1.7,1.4,0.1,0,0.2,0.5,35,71.4,0,66,7,20,5,7,0,0,19,6,9,15,1,6,0,2,"Monmouth University"
"377","IMANI REID","F",1.19450807130498,0.18,26,20.7,5.1,4.9,0.7,0.7,0.2,1.4,45,57.1,14.3,537,54,120,24,42,1,7,133,48,80,128,17,36,17,6,"Bethune-Cookman University"
"378","KRISTINA MOORE","G",1.19267885890587,0.18,25,11,3.8,1.8,0.6,0.4,0.3,0.8,37.5,67.4,36.4,274,27,72,29,43,12,33,95,15,29,44,14,21,9,7,"University of Florida"
"379","KYLIE STROP","G",1.16523067944777,0.17,12,11.5,3.3,1.6,1,0.3,0,1.4,37,86.4,16.7,138,10,27,19,22,1,6,40,2,17,19,12,17,4,0,"North Dakota State University"
"380","ALEXIS ELQUIST","F",1.13898832548814,0.17,4,2.5,1,1.3,0.3,0,0,0,33.3,100,0,10,1,3,2,2,0,1,4,1,4,5,1,0,0,0,"University of Nevada, Reno"
"381","ERIN LOFARO","F",1.13565473881648,0.17,23,9.4,1.7,1.3,0.4,0.3,0,0.6,34.8,50,50,217,16,46,7,14,1,2,40,11,20,31,9,14,6,1,"University of Massachusetts Lowell"
"382","RUTH BALOGUN","G",1.12841050514182,0.17,23,7.8,1.9,2.1,0.3,0.2,0,0.6,44.7,57.1,33.3,180,17,38,8,14,1,3,43,15,34,49,6,13,4,1,"University of Central Arkansas"
"383","LACY ROBINS","G",1.11943536973039,0.17,29,16.6,3.3,1.7,1.8,1.7,0.3,2.1,39,72.7,23.8,480,39,100,8,11,10,42,96,9,40,49,51,60,48,10,"Tennessee State University"
"384","SHANNIAH WRIGHT","F",1.11180130356615,0.17,28,12.5,4.6,3.2,0.5,0.3,0.2,0.9,50.5,65.1,0,350,51,101,28,43,0,0,130,47,43,90,13,26,9,5,"Georgetown University"
"385","NYAGOA GONY","F",1.06773292122729,0.16,8,4.9,1.4,1.3,0.1,0.1,0.5,1,35.7,50,0,39,5,14,1,2,0,0,11,6,4,10,1,8,1,4,"Purdue University"
"386","GRACE HUNTER","G",1.0494190624999,0.16,25,20.5,9.3,1.9,1.5,0.6,0.3,2.5,35.6,80.3,26.4,513,80,225,53,66,19,72,232,12,35,47,37,63,15,8,"Florida International University"
"387","KEEGAN DOUGLAS","G",1.0422418031941,0.16,26,15,3,0.7,0.7,0.3,0,0.8,37.8,77.8,33.3,391,31,82,7,9,8,24,77,10,9,19,18,22,7,0,"Loyola University Maryland"
"388","MACY MCGLONE","F",1.03674748211487,0.16,30,9.1,2.3,2.5,0.3,0.4,0.3,1,46.6,88.2,0,273,27,58,15,17,0,2,69,30,44,74,9,30,11,8,"University of Wisconsin-Milwaukee"
"389","JENNA JORDAN","F",1.01522291213223,0.16,29,23.1,6.2,5.3,0.9,0.3,0.2,1.4,50.7,64.6,0,671,74,146,31,48,0,12,179,57,96,153,25,42,10,7,"Manhattan College"
"390","SHYMARYIA CHRISTOPHER","G",1.01440458544622,0.16,17,16.8,6.8,2.8,1.4,0.6,0.4,1.7,43.9,61.4,40,285,43,98,27,44,2,5,115,12,36,48,23,29,10,6,"Southeast Missouri State University"
"391","GRACEN WILLIAMS","G",0.9703531648642,0.15,25,15.6,2.6,2.2,1.6,0.8,0.1,2,30,75,16.7,389,18,60,27,36,2,12,65,14,41,55,39,49,19,2,"University of Louisiana Monroe"
"392","TAKIA DAVIS","F",0.964849254176544,0.15,21,7.4,3.1,2.2,0.4,0.4,0.4,0.8,58.7,50,0,155,27,46,11,22,0,0,65,30,17,47,8,17,9,8,"University of South Carolina Upstate"
"393","TAYLOR WILLIAMS","G",0.921664566156196,0.14,22,20.2,4.2,3.2,0.7,1.6,0.2,2.1,30.1,67.5,16.7,445,31,103,27,40,3,18,92,31,40,71,16,47,36,4,"Bethune-Cookman University"
"394","SHAWN MILLS","F",0.9109582879041,0.14,16,20.4,5.1,2.5,1,0.8,0.1,1.4,52.4,53.3,0,326,33,63,16,30,0,1,82,20,20,40,16,22,12,2,"Hampton University"
"395","BREAZIA ROBINSON","C",0.868661931069672,0.14,20,31.9,6,6.1,0.2,0.4,0.6,1.2,60,54.8,0,637,48,80,23,42,0,0,119,50,72,122,4,23,7,12,"Delaware State University"
"396","DESTINEE MARSHALL","G",0.854095059683693,0.14,23,22.3,6.1,1.7,2.3,0.7,0,2.4,35.3,52.2,30.9,514,54,153,12,23,21,68,141,7,32,39,53,56,15,1,"Radford University"
"397","ALANA DENSON","G",0.845526195935198,0.14,24,21.9,6.6,2.4,2.1,1.3,0.1,3.5,35.5,54.5,33.3,526,61,172,24,44,13,39,159,17,40,57,51,85,30,2,"Morehead State University"
"398","JELISSA REESE","G",0.82751927950803,0.13,6,4.3,0.3,1.2,0.3,0.2,0,0.7,7.7,0,0,26,1,13,0,0,0,1,2,6,1,7,2,4,1,0,"Troy University"
"399","AUDRA LEIPOLD","G",0.823095415905493,0.13,14,17.3,4.7,2.3,1.4,0.6,0,1.6,43.9,63.6,28.6,242,25,57,14,22,2,7,66,3,29,32,20,22,8,0,"Samford University"
"400","SHUNTORRI RODGERS","G",0.812048913042149,0.13,21,4,1.4,0.4,0.1,0.2,0.2,0.7,34.8,76.5,100,84,8,23,13,17,1,1,30,4,5,9,3,14,4,5,"Sam Houston State University"
"401","CORIAH BECK","G",0.808073861944866,0.13,28,8.1,3.3,0.9,0.4,0.2,0.1,0.8,39.8,65.4,33.3,227,35,88,17,26,5,15,92,9,15,24,12,22,6,2,"University of Memphis"
"402","ARIAH POWELL","G",0.798097838062592,0.13,24,9.6,1.8,0.8,0.8,0.6,0,1.2,28.3,53.3,19,230,15,53,8,15,4,21,42,9,11,20,20,29,14,0,"Texas A&M University-Corpus Christi"
"403","SIANNY SANCHEZ-OLIVER","G",0.771342677573682,0.13,15,32.1,8.7,3.8,2.7,0.9,0.1,4.9,31.1,59,20,481,51,164,23,39,5,25,130,7,50,57,40,73,14,1,"Delaware State University"
"404","TEDERIA ASHLEY","G",0.74829625671809,0.13,21,8.5,2,1.9,0.3,0.3,0.2,0.9,31.4,53.8,20,179,16,51,7,13,2,10,41,15,25,40,7,19,7,5,"Alabama State University"
"405","KAITLYN AMMONS","F",0.73636344929134,0.12,12,9.3,2.3,1,0.4,0.1,0.3,1.1,44.4,50,0,111,12,27,3,6,0,4,27,4,8,12,5,13,1,3,"DePaul University"
"406","AMANDA BLAKE","F",0.727130206393775,0.12,30,17.5,4.2,4.4,0.4,0.4,0.3,1.3,44.2,56.8,0,525,53,120,21,37,0,0,127,44,87,131,13,40,11,9,"University of North Carolina Asheville"
"407","TEIONNI MCDANIEL","G",0.716668784664855,0.12,19,10,2.9,1.2,1.3,0.5,0.1,1.4,48.9,72.7,16.7,190,23,47,8,11,1,6,55,4,19,23,24,27,10,1,"Northern Arizona University"
"408","SIERRA SMITH","F",0.695974650949797,0.12,25,13.6,2.8,4.2,0.4,0.6,0.3,1.7,41.7,40.9,0,339,30,72,9,22,0,2,69,42,62,104,11,42,15,7,"University of Hartford"
"409","LYA FARCY","G",0.695197284094711,0.12,20,25,5.5,2.8,2.5,1,0.3,2.8,39.3,57.1,22.7,499,48,122,8,14,5,22,109,16,40,56,50,55,19,5,"University of Hartford"
"410","JAYLA JOHNSON","G",0.67120123394921,0.12,10,3.7,0.9,0.8,0.1,0.2,0,0.2,37.5,75,0,37,3,8,3,4,0,1,9,4,4,8,1,2,2,0,"The University of North Carolina at Greensboro"
"411","EMILY ESPOSITO","G",0.667907669515164,0.12,19,27.3,6.4,3.1,2.3,0.6,0.3,2.5,33.3,76.5,23.4,519,49,147,13,17,11,47,122,11,47,58,44,47,12,6,"Boston University"
"412","ERIN HARRIS","G",0.640710769833203,0.12,14,10.4,1.6,1.3,0.6,0.9,0,1.1,23.1,76.9,0,145,6,26,10,13,0,7,22,6,12,18,8,16,12,0,"Northwestern State University"
"413","VICTORIA WOODS","F",0.637444197094396,0.12,19,7.1,1.9,2.1,0.1,0.2,0.2,0.5,52,52.4,0,134,13,25,11,21,0,0,37,19,20,39,2,9,3,3,"University of Louisiana Monroe"
"414","CENTURY MCCARTNEY","G",0.6357435310285,0.12,23,14.7,2.7,4.1,0.7,0.4,0.2,1.3,28.8,67.6,0,339,19,66,23,34,0,9,61,28,67,95,16,31,10,4,"Northeastern University"
"415","PARIS ATCHLEY","G",0.566301990031274,0.11,29,19,4,1.9,1,0.5,0,1.7,37.1,60.9,28.2,551,39,105,28,46,11,39,117,3,53,56,29,50,15,1,"University of Idaho"
"416","CHANTAE EMBRY","F",0.548028919921649,0.11,28,12.4,4.5,2.6,0.3,0.2,0,1,53.5,77.1,29.6,347,46,86,27,35,8,27,127,23,50,73,9,29,5,0,"Texas Tech University"
"417","ANTOANETA ALEXE","G",0.505761403168586,0.1,23,13.8,1.7,1.4,0.1,0.1,0,1.1,25.9,66.7,20,317,15,58,4,6,5,25,39,8,25,33,3,25,2,1,"Winthrop University"
"418","AZANA BAINES","G",0.493806511930368,0.1,31,20.4,5.2,6,1,0.3,0.4,1.8,53.8,46.5,0,632,71,132,20,43,0,1,162,53,132,185,31,56,10,11,"Virginia Polytechnic Institute and State University"
"419","SHIANNE JOHNSON","G",0.493081237871275,0.1,19,11.6,2.7,2.2,0.5,0.4,0.1,1.2,28.3,92.9,29.4,221,17,60,13,14,5,17,52,11,30,41,10,23,8,1,"Purdue University Fort Wayne"
"420","AKYIA BAKER","G",0.48644169129225,0.1,26,11.3,1.9,1,0.9,0.6,0,1.2,29.7,75,0,293,19,64,12,16,0,8,50,6,21,27,24,30,15,1,"University of Detroit Mercy"
"421","JALYN VAN DYKE","F",0.479428583636259,0.1,29,20.2,4.5,4.5,1.1,0.5,0.1,2.3,36.7,87.5,24.2,585,47,128,21,24,15,62,130,31,100,131,31,67,14,4,"Binghamton University"
"422","LAILA ACOX","F",0.44195192811286,0.1,11,6.7,2.2,2,0,0.5,0.4,1.5,33.3,40,0,74,9,27,6,15,0,2,24,13,9,22,0,16,6,4,"East Carolina University"
"423","JAZMYN WOMACK","G",0.430492086560463,0.1,24,10.6,3,2,0.3,0.3,0.2,0.9,31.8,81.8,19.5,254,27,85,9,11,8,41,71,17,32,49,6,22,8,4,"Nicholls State University"
"424","SYDNEY GOUARD","G",0.42698879613578,0.1,29,16.4,2.9,4.4,0.8,0.5,0.1,1.2,36.7,71.4,25,475,36,98,10,14,3,12,85,56,71,127,22,34,14,3,"Oakland University"
"425","AARONETTE VONLEH","F",0.387270060862389,0.09,16,7.4,4.3,1.7,0.1,0.4,0,0.3,61.5,33.3,0,119,32,52,5,15,0,1,69,20,7,27,1,5,6,0,"University of Arizona"
"426","RITA JAMES","G",0.383661325682144,0.09,27,11.7,1.1,1.6,1,0.4,0,1.4,23.1,63.6,0,316,12,52,7,11,0,5,31,12,31,43,28,39,12,0,"University of Central Arkansas"
"427","MORGAN BROWNING","G",0.360266866958341,0.09,28,24.5,3.3,2.1,1,0.4,0.2,1.5,29.8,62.9,32,686,31,104,22,35,8,25,92,21,38,59,29,42,12,6,"Morehead State University"
"428","AMAYA ADAMS","G",0.354437116265284,0.09,27,21.5,4.7,3.1,0.7,0.7,0.1,1.6,43.8,52.8,30.8,580,46,105,28,53,8,26,128,17,67,84,19,44,20,2,"East Tennessee State University"
"429","FARRAH PEARSON","F",0.34956415964856,0.09,26,18.9,4.3,3.2,1,0.5,0.2,1.9,33.1,68.3,22.2,492,39,118,28,41,6,27,112,23,61,84,25,50,14,5,"Alabama State University"
"430","HANNAH WHITE","G",0.349199030211575,0.09,29,15.9,3,1.8,1.4,0.4,0.1,1.7,33.7,73.3,21.7,462,30,89,22,30,5,23,87,12,40,52,42,48,13,2,"Alabama State University"
"431","MAKENNA WINANS","F",0.340723905302574,0.09,28,10.4,1.8,2.1,0.3,0.3,0.3,0.9,30.2,54.5,7.7,291,16,53,18,33,1,13,51,17,41,58,8,26,9,7,"Charleston Southern University"
"432","CHARIA ROBERTS","F",0.331730275524446,0.09,29,25.4,6.7,4,0.6,0.6,0.1,2.3,42.8,70.7,0,736,77,180,41,58,0,1,195,42,75,117,18,67,17,4,"Loyola University Maryland"
"433","FAITH BLACKSTONE","G",0.326966580581212,0.09,22,17.9,5,1.5,1.2,1,0.3,1.9,33.3,76.3,24.2,393,36,108,29,38,8,33,109,14,18,32,27,42,22,6,"North Carolina A&T State University"
"434","TYLER GRAY","G",0.258587297750875,0.08,11,5.2,0.9,0.6,0.3,0.4,0,0.5,21.4,40,0,57,3,14,4,10,0,3,10,4,3,7,3,6,4,0,"College of Charleston (South Carolina)"
"435","CLAIRA MCGOWAN","G",0.250877877958008,0.08,23,8.9,1.7,1,0.6,0.2,0,0.7,27.1,58.3,0,204,13,48,14,24,0,18,40,7,15,22,13,15,4,0,"Murray State University"
"436","FAITH PARAMORE","F",0.248246196699165,0.08,27,13.8,3,2.4,0.7,0.1,0.2,1.1,31.9,65,18.6,372,30,94,13,20,8,43,81,20,46,66,20,29,3,6,"Oral Roberts University"
"437","MALIYAH LOCKETT","G",0.245777188447998,0.08,31,11.6,1.9,1.4,0.5,0.2,0,0.7,39.4,42.9,0,360,26,66,6,14,0,5,58,11,32,43,16,23,7,1,"University of North Carolina Asheville"
"438","KELSIE WILLIAMS","F",0.233765422395568,0.08,20,10.4,2.6,2.2,0.5,0.7,0.3,1.2,36.2,56.3,0,207,21,58,9,16,0,1,51,13,30,43,10,24,13,6,"Southern Illinois University Edwardsville"
"439","RINNAH GREEN","G",0.063462162682213,0.07,25,13.8,3.2,1.5,1.7,0.4,0.3,1.9,33,56.3,25.9,345,32,97,9,16,7,27,80,4,34,38,43,47,10,8,"University of North Carolina Wilmington"
"440","MARGARITA SATINI","G",0.0264057283858267,0.07,22,8.2,1.6,0.9,0.5,0.2,0,0.8,29.7,73.7,0,180,11,37,14,19,0,5,36,3,17,20,10,18,4,1,"Southern Utah University"
"441","MARIA LLORENTE","G",-0.0358632097139949,0.07,27,15,4.1,1.4,2,1.3,0.1,2.3,37.4,52.9,26.3,404,40,107,27,51,5,19,112,12,25,37,53,63,36,2,"The University of Texas Rio Grande Valley"
"442","MAJEGANE BARRY","F",-0.0830855315758059,0.06,14,8.1,1.6,1.7,0,0.1,0.1,0.9,30.8,54.5,0,113,8,26,6,11,0,0,22,13,11,24,0,12,2,1,"University of New Orleans"
"443","OLIVIA POLLERD","F",-0.23448018065851,0.06,10,3.7,0.7,0.3,0,0,0,0.4,40,75,0,37,2,5,3,4,0,0,7,2,1,3,0,4,0,0,"University of Washington"
"444","JESSICA MARTINO","F",-0.331658588340426,0.06,29,5,3,1.2,0.2,0.1,0.1,0.9,49.1,50.9,75,146,28,57,28,55,3,4,87,14,20,34,6,26,4,3,"The University of Texas Rio Grande Valley"
"445","MIKALA HALL","G",-0.498559992601882,0.05,29,10.4,3,1.5,0.8,0.4,0.1,1.2,36,54.2,32.1,303,32,89,13,24,9,28,86,16,27,43,23,35,11,2,"Southern Illinois University Edwardsville"
"446","TALIA DAVIS","F",-0.516295009599456,0.05,26,15.2,4.5,2.5,0.3,0.2,0.1,1.4,39.8,48.6,25,396,49,123,18,37,2,8,118,28,36,64,7,37,5,2,"University of New Hampshire"
"447","JAMIR HUSTON","F",-0.51834737922225,0.05,8,18.9,7.4,5.1,0.4,0.5,0.4,1.8,45.7,70.8,0,151,21,46,17,24,0,5,59,17,24,41,3,14,4,3,"East Tennessee State University"
"448","BRIANNA LIVINGSTON","G",-0.566703298802323,0.05,24,11.6,3.8,1.8,0.3,0.5,0.3,1.4,42.9,65.4,33.3,278,36,84,17,26,3,9,92,17,26,43,8,33,12,7,"Monmouth University"
"449","SOPHIE BENHAROUGA","F",-0.585868334487338,0.05,18,7.8,2.3,1.8,0.3,0.3,0.2,1.7,29.6,54.5,23.5,141,16,54,6,11,4,17,42,9,24,33,5,30,5,4,"University of Hartford"
"450","TAIYE JOHNSON","C",-0.687922662114724,0.05,25,8.5,3.2,1.9,0.2,0,0.4,1.2,62.3,56.5,0,212,33,53,13,23,0,0,79,27,21,48,4,30,1,11,"Radford University"
"451","JORDAN ROGERS","G",-0.738505628453167,0.05,17,12.1,3.2,1.2,0.3,0.2,0.1,1.5,32.7,50,31.8,206,17,52,13,26,7,22,54,6,14,20,5,26,4,2,"Charleston Southern University"
"452","ASHLEY AUSTIN","G",-0.773560128780663,0.05,18,15.9,5.5,1.1,1.5,0.9,0.2,3.1,33,58.8,27.3,287,35,106,20,34,9,33,99,7,13,20,27,56,17,4,"Texas Southern University"
"453","MARISA LEE","F",-0.845652374577934,0.05,24,9.3,2.3,1.2,0.3,0.3,0.3,1.3,42.6,65.2,16.7,223,20,47,15,23,1,6,56,12,17,29,7,32,7,7,"University of Hartford"
"454","SHAYLA NELSON","F",-1.21622769324118,0.04,18,8.3,2.6,1.6,0.2,0.2,0,0.9,50,50,0,149,17,34,13,26,0,0,47,14,15,29,3,16,3,0,"North Carolina A&T State University"
"455","JESS FINNEY","G",-8.27216987597306,0.04,4,4.3,0,0.3,0.3,0,0,0.3,0,0,0,17,0,4,0,0,0,3,0,0,1,1,1,1,0,0,"University of Washington"
"456","JEANNA CUNNINGHAM","C",-8.42427471251207,0.04,4,3.5,0,0.8,0,0,1,0.5,0,0,0,14,0,1,0,0,0,0,0,0,3,3,0,2,0,4,"West Virginia University"
"457","CELIA SATTER","F",-8.89246886842255,0.03,3,2,0,0.7,0,0,0,0,0,0,0,6,0,3,0,0,0,2,0,1,1,2,0,0,0,0,"University of Richmond"
"458","AMAYA OLIVER","G",-9.09845327801284,0.03,13,3.1,0,0.5,0.2,0.1,0,0.3,0,0,0,40,0,5,0,0,0,3,0,1,5,6,2,4,1,0,"University of Southern California"
"459","GEORGIA BALDWIN","G",-9.22090457826887,0.01,4,2.8,0,0.5,0,0,0,0.3,0,0,0,11,0,2,0,2,0,0,0,1,1,2,0,1,0,0,"Eastern Kentucky University"
"460","ZANIYYAH ROSS-BARNES","F",-9.22090457826887,0.01,2,3,0,0.5,0,0,0,0,0,0,0,6,0,2,0,0,0,0,0,0,1,1,0,0,0,0,"Stony Brook University"
"461","SELMA EKLUND","G",-9.22090457826887,0.01,2,1,0,0.5,0,0,0,0,0,0,0,2,0,1,0,0,0,0,0,1,0,1,0,0,0,0,"University of North Carolina Wilmington"
"462","TAMARA FOURNILLIER-ONADEKO","G",-9.22090457826887,0.01,1,3,0,1,0,0,0,0,0,0,0,3,0,0,0,0,0,0,0,1,0,1,0,0,0,0,"University of Illinois Chicago"
"463","CASSIDY SAYLOR","G",-9.22090457826887,0.01,6,3.7,0,0.5,0,0,0,0.3,0,0,0,22,0,3,0,2,0,1,0,0,3,3,0,2,0,0,"Wagner College"
"464","MARYMARTHA TURNER","F",-9.22090457826887,0.01,1,1,0,1,0,1,0,0,0,0,0,1,0,1,0,0,0,0,0,1,0,1,0,0,1,0,"Wofford College"
"465","MEKAYLA HOLLEY","G",-9.22090457826887,0.01,2,2.5,0,0.5,0,0,0,0,0,0,0,5,0,3,0,0,0,1,0,1,0,1,0,0,0,0,"University of Arkansas at Little Rock"
"466","GENESIS PARKER","G",-9.28293470290292,0.01,1,14,0,2,1,0,0,3,0,0,0,14,0,4,0,0,0,1,0,0,2,2,1,3,0,0,"Butler University"
"467","SKYLAR BAILEY","G",-9.419265211298,0.01,5,10.2,0.6,1.4,0.4,0,0,1.4,0,75,0,51,0,8,3,4,0,4,3,1,6,7,2,7,0,0,"University of Central Arkansas"
"468","ANDREA JOVICEVIC","G",-9.42278408164682,0.01,3,2.7,0,1.3,0,0,0,0,0,0,0,8,0,2,0,2,0,1,0,2,2,4,0,0,0,0,"University of Nevada, Reno"
"469","TRINITY COPELAND","G",-9.42278408164682,0.01,6,2.5,0,0.7,0.2,0,0,0.2,0,0,0,15,0,1,0,0,0,1,0,2,2,4,1,1,0,0,"Long Island University"
"470","KENNEDY LINDSEY","G",-9.62986851038953,0.01,4,3.3,0.5,0,0,0,0,0,0,100,0,13,0,2,2,2,0,2,2,0,0,0,0,0,0,0,"California State University, Sacramento"
"471","ANNA DENES","G",-9.94846370298712,0,9,2.4,0.3,0.4,0,0.1,0,0.3,0,75,0,22,0,6,3,4,0,2,3,0,4,4,0,3,1,0,"University of Alabama at Birmingham"
"472","KENLEY WOODS","G",-10.0624662431306,0,8,3.8,0.1,0.9,0.6,0.1,0,0.6,0,25,0,30,0,0,1,4,0,0,1,2,5,7,5,5,1,0,"University of North Alabama"
"473","MADISON FREDERICK",NA,NA,NA,NA,NA,NA,NA,NA,NA,NA,NA,NA,NA,NA,NA,NA,NA,NA,NA,NA,NA,NA,NA,NA,NA,NA,NA,NA,NA,"Iowa State University"
"474","ABIGAIL BAILEY",NA,NA,NA,NA,NA,NA,NA,NA,NA,NA,NA,NA,NA,NA,NA,NA,NA,NA,NA,NA,NA,NA,NA,NA,NA,NA,NA,NA,NA,"Mount St. Mary's University"
"475","TEODORA POPOVIC",NA,NA,NA,NA,NA,NA,NA,NA,NA,NA,NA,NA,NA,NA,NA,NA,NA,NA,NA,NA,NA,NA,NA,NA,NA,NA,NA,NA,NA,"Long Beach State University"
"476","JNAYA WALKER",NA,NA,NA,NA,NA,NA,NA,NA,NA,NA,NA,NA,NA,NA,NA,NA,NA,NA,NA,NA,NA,NA,NA,NA,NA,NA,NA,NA,NA,"University of Central Florida"
"477","YANNI HENDLEY-MCCALLA",NA,NA,NA,NA,NA,NA,NA,NA,NA,NA,NA,NA,NA,NA,NA,NA,NA,NA,NA,NA,NA,NA,NA,NA,NA,NA,NA,NA,NA,"University of Rhode Island"
"478","NYAH BOYD",NA,NA,NA,NA,NA,NA,NA,NA,NA,NA,NA,NA,NA,NA,NA,NA,NA,NA,NA,NA,NA,NA,NA,NA,NA,NA,NA,NA,NA,"Oklahoma State University"
"479","ELLI GARNETT",NA,NA,NA,NA,NA,NA,NA,NA,NA,NA,NA,NA,NA,NA,NA,NA,NA,NA,NA,NA,NA,NA,NA,NA,NA,NA,NA,NA,NA,"University of Northern Colorado"
"480","GABRIELLE WENER",NA,NA,NA,NA,NA,NA,NA,NA,NA,NA,NA,NA,NA,NA,NA,NA,NA,NA,NA,NA,NA,NA,NA,NA,NA,NA,NA,NA,NA,"Monmouth University"
"481","DREUNA EDWARDS",NA,NA,NA,NA,NA,NA,NA,NA,NA,NA,NA,NA,NA,NA,NA,NA,NA,NA,NA,NA,NA,NA,NA,NA,NA,NA,NA,NA,NA,"University of Kentucky"
"482","IZABELA LEITE",NA,NA,NA,NA,NA,NA,NA,NA,NA,NA,NA,NA,NA,NA,NA,NA,NA,NA,NA,NA,NA,NA,NA,NA,NA,NA,NA,NA,NA,"Florida State University"
"483","NATALIE GREENWOOD",NA,NA,NA,NA,NA,NA,NA,NA,NA,NA,NA,NA,NA,NA,NA,NA,NA,NA,NA,NA,NA,NA,NA,NA,NA,NA,NA,NA,NA,"Northern Arizona University"
"484","ISABELLA CRAVENS",NA,NA,NA,NA,NA,NA,NA,NA,NA,NA,NA,NA,NA,NA,NA,NA,NA,NA,NA,NA,NA,NA,NA,NA,NA,NA,NA,NA,NA,"University of Nebraska, Lincoln"
"485","NINA DE LEON",NA,NA,NA,NA,NA,NA,NA,NA,NA,NA,NA,NA,NA,NA,NA,NA,NA,NA,NA,NA,NA,NA,NA,NA,NA,NA,NA,NA,NA,"Austin Peay State University"
"486","KATELYN MAGER",NA,NA,NA,NA,NA,NA,NA,NA,NA,NA,NA,NA,NA,NA,NA,NA,NA,NA,NA,NA,NA,NA,NA,NA,NA,NA,NA,NA,NA,"Merrimack College"
"487","ANAYA BARNEY",NA,NA,NA,NA,NA,NA,NA,NA,NA,NA,NA,NA,NA,NA,NA,NA,NA,NA,NA,NA,NA,NA,NA,NA,NA,NA,NA,NA,NA,"University of Northern Iowa"
"488","MALENE LIND PEDERSEN",NA,NA,NA,NA,NA,NA,NA,NA,NA,NA,NA,NA,NA,NA,NA,NA,NA,NA,NA,NA,NA,NA,NA,NA,NA,NA,NA,NA,NA,"Kansas State University"
"489","DANIELLE MCTEER",NA,NA,NA,NA,NA,NA,NA,NA,NA,NA,NA,NA,NA,NA,NA,NA,NA,NA,NA,NA,NA,NA,NA,NA,NA,NA,NA,NA,NA,"William & Mary"
"490","JAELYN ACKER",NA,NA,NA,NA,NA,NA,NA,NA,NA,NA,NA,NA,NA,NA,NA,NA,NA,NA,NA,NA,NA,NA,NA,NA,NA,NA,NA,NA,NA,"California Baptist University"
"491","TYRA FORD",NA,NA,NA,NA,NA,NA,NA,NA,NA,NA,NA,NA,NA,NA,NA,NA,NA,NA,NA,NA,NA,NA,NA,NA,NA,NA,NA,NA,NA,"Indiana University-Purdue University Indianapolis"
"492","TERESA WOLAK",NA,NA,NA,NA,NA,NA,NA,NA,NA,NA,NA,NA,NA,NA,NA,NA,NA,NA,NA,NA,NA,NA,NA,NA,NA,NA,NA,NA,NA,"Rider University"
"493","ALIMAT ABIOLA",NA,NA,NA,NA,NA,NA,NA,NA,NA,NA,NA,NA,NA,NA,NA,NA,NA,NA,NA,NA,NA,NA,NA,NA,NA,NA,NA,NA,NA,"Eastern Michigan University"
"494","ALEXIS WAGNER",NA,NA,NA,NA,NA,NA,NA,NA,NA,NA,NA,NA,NA,NA,NA,NA,NA,NA,NA,NA,NA,NA,NA,NA,NA,NA,NA,NA,NA,"Youngstown State University"
"495","ALEXIS PRITCHARD",NA,NA,NA,NA,NA,NA,NA,NA,NA,NA,NA,NA,NA,NA,NA,NA,NA,NA,NA,NA,NA,NA,NA,NA,NA,NA,NA,NA,NA,"Santa Clara University"
"496","KENYA COTE LYSIUS",NA,NA,NA,NA,NA,NA,NA,NA,NA,NA,NA,NA,NA,NA,NA,NA,NA,NA,NA,NA,NA,NA,NA,NA,NA,NA,NA,NA,NA,"La Salle University"
"497","RACHEL RANKE",NA,NA,NA,NA,NA,NA,NA,NA,NA,NA,NA,NA,NA,NA,NA,NA,NA,NA,NA,NA,NA,NA,NA,NA,NA,NA,NA,NA,NA,"Kansas State University"
"498","ISABELLA HIGGINBOTTOM",NA,NA,NA,NA,NA,NA,NA,NA,NA,NA,NA,NA,NA,NA,NA,NA,NA,NA,NA,NA,NA,NA,NA,NA,NA,NA,NA,NA,NA,"University of Missouri, Columbia"
"499","TENEIL ROBERTSON",NA,NA,NA,NA,NA,NA,NA,NA,NA,NA,NA,NA,NA,NA,NA,NA,NA,NA,NA,NA,NA,NA,NA,NA,NA,NA,NA,NA,NA,"Stetson University"
"500","ALEXIS JACKSON",NA,NA,NA,NA,NA,NA,NA,NA,NA,NA,NA,NA,NA,NA,NA,NA,NA,NA,NA,NA,NA,NA,NA,NA,NA,NA,NA,NA,NA,"Kent State University"
"501","ALYSSA VANLOO",NA,NA,NA,NA,NA,NA,NA,NA,NA,NA,NA,NA,NA,NA,NA,NA,NA,NA,NA,NA,NA,NA,NA,NA,NA,NA,NA,NA,NA,"University of North Dakota"
"502","SARAH BARKER",NA,NA,NA,NA,NA,NA,NA,NA,NA,NA,NA,NA,NA,NA,NA,NA,NA,NA,NA,NA,NA,NA,NA,NA,NA,NA,NA,NA,NA,"University of Georgia"
"503","YASRIYYAH WAZEERUD-DIN",NA,NA,NA,NA,NA,NA,NA,NA,NA,NA,NA,NA,NA,NA,NA,NA,NA,NA,NA,NA,NA,NA,NA,NA,NA,NA,NA,NA,NA,"Stetson University"
"504","TAYLOR CALDWELL",NA,NA,NA,NA,NA,NA,NA,NA,NA,NA,NA,NA,NA,NA,NA,NA,NA,NA,NA,NA,NA,NA,NA,NA,NA,NA,NA,NA,NA,"Grand Canyon University"
"505","VALERIA TAPIA",NA,NA,NA,NA,NA,NA,NA,NA,NA,NA,NA,NA,NA,NA,NA,NA,NA,NA,NA,NA,NA,NA,NA,NA,NA,NA,NA,NA,NA,"The University of Texas Rio Grande Valley"
"506","KIYLEY FLOWERS",NA,NA,NA,NA,NA,NA,NA,NA,NA,NA,NA,NA,NA,NA,NA,NA,NA,NA,NA,NA,NA,NA,NA,NA,NA,NA,NA,NA,NA,"Grand Canyon University"
"507","DEMYA YOUNG",NA,NA,NA,NA,NA,NA,NA,NA,NA,NA,NA,NA,NA,NA,NA,NA,NA,NA,NA,NA,NA,NA,NA,NA,NA,NA,NA,NA,NA,"University of Arkansas at Little Rock"
"508","MADISON COVINGTON",NA,NA,NA,NA,NA,NA,NA,NA,NA,NA,NA,NA,NA,NA,NA,NA,NA,NA,NA,NA,NA,NA,NA,NA,NA,NA,NA,NA,NA,"Virginia Commonwealth University"
"509","FESS HAWKNS",NA,NA,NA,NA,NA,NA,NA,NA,NA,NA,NA,NA,NA,NA,NA,NA,NA,NA,NA,NA,NA,NA,NA,NA,NA,NA,NA,NA,NA,"The University of Southern Mississippi"
"510","MICOLE CAYTON",NA,NA,NA,NA,NA,NA,NA,NA,NA,NA,NA,NA,NA,NA,NA,NA,NA,NA,NA,NA,NA,NA,NA,NA,NA,NA,NA,NA,NA,"University of Nebraska, Lincoln"
"511","ABIGAIL DRAPER",NA,NA,NA,NA,NA,NA,NA,NA,NA,NA,NA,NA,NA,NA,NA,NA,NA,NA,NA,NA,NA,NA,NA,NA,NA,NA,NA,NA,NA,"Bradley University"
"512","GABRIELE GIUFFRE",NA,NA,NA,NA,NA,NA,NA,NA,NA,NA,NA,NA,NA,NA,NA,NA,NA,NA,NA,NA,NA,NA,NA,NA,NA,NA,NA,NA,NA,"University of San Diego"
"513","BRISHONNE TOLLIE",NA,NA,NA,NA,NA,NA,NA,NA,NA,NA,NA,NA,NA,NA,NA,NA,NA,NA,NA,NA,NA,NA,NA,NA,NA,NA,NA,NA,NA,"Southern Methodist University"
"514","DENIYAH LUTZ",NA,NA,NA,NA,NA,NA,NA,NA,NA,NA,NA,NA,NA,NA,NA,NA,NA,NA,NA,NA,NA,NA,NA,NA,NA,NA,NA,NA,NA,"Wofford College"
"515","AKIRA LEVY",NA,NA,NA,NA,NA,NA,NA,NA,NA,NA,NA,NA,NA,NA,NA,NA,NA,NA,NA,NA,NA,NA,NA,NA,NA,NA,NA,NA,NA,"University of Cincinnati"
"516","ALEXANDRIA ROUSE",NA,NA,NA,NA,NA,NA,NA,NA,NA,NA,NA,NA,NA,NA,NA,NA,NA,NA,NA,NA,NA,NA,NA,NA,NA,NA,NA,NA,NA,"Old Dominion University"
"517","TEKIA MACK",NA,NA,NA,NA,NA,NA,NA,NA,NA,NA,NA,NA,NA,NA,NA,NA,NA,NA,NA,NA,NA,NA,NA,NA,NA,NA,NA,NA,NA,"DePaul University"
"518","MADISON DORING",NA,NA,NA,NA,NA,NA,NA,NA,NA,NA,NA,NA,NA,NA,NA,NA,NA,NA,NA,NA,NA,NA,NA,NA,NA,NA,NA,NA,NA,"American University"
"519","CLAIRMONDE STEELE",NA,NA,NA,NA,NA,NA,NA,NA,NA,NA,NA,NA,NA,NA,NA,NA,NA,NA,NA,NA,NA,NA,NA,NA,NA,NA,NA,NA,NA,"Lehigh University"
"520","ELIYJAH PRICEBROOKS",NA,NA,NA,NA,NA,NA,NA,NA,NA,NA,NA,NA,NA,NA,NA,NA,NA,NA,NA,NA,NA,NA,NA,NA,NA,NA,NA,NA,NA,"Texas A&M University-Corpus Christi"
"521","ASHYA SHEELEY-KLOPFENSTEIN",NA,NA,NA,NA,NA,NA,NA,NA,NA,NA,NA,NA,NA,NA,NA,NA,NA,NA,NA,NA,NA,NA,NA,NA,NA,NA,NA,NA,NA,"Robert Morris University"
"522","SOPHIA HAYDON",NA,NA,NA,NA,NA,NA,NA,NA,NA,NA,NA,NA,NA,NA,NA,NA,NA,NA,NA,NA,NA,NA,NA,NA,NA,NA,NA,NA,NA,"George Washington University"
"523","ALISHA KNIGHTS",NA,NA,NA,NA,NA,NA,NA,NA,NA,NA,NA,NA,NA,NA,NA,NA,NA,NA,NA,NA,NA,NA,NA,NA,NA,NA,NA,NA,NA,"University of North Florida"
"524","ROCHELLE NORRIS",NA,NA,NA,NA,NA,NA,NA,NA,NA,NA,NA,NA,NA,NA,NA,NA,NA,NA,NA,NA,NA,NA,NA,NA,NA,NA,NA,NA,NA,"Virginia Polytechnic Institute and State University"
"525","SYDNEY AVOLETTA",NA,NA,NA,NA,NA,NA,NA,NA,NA,NA,NA,NA,NA,NA,NA,NA,NA,NA,NA,NA,NA,NA,NA,NA,NA,NA,NA,NA,NA,"Iona College"
"526","SOPHIA GERBER",NA,NA,NA,NA,NA,NA,NA,NA,NA,NA,NA,NA,NA,NA,NA,NA,NA,NA,NA,NA,NA,NA,NA,NA,NA,NA,NA,NA,NA,"University of Colorado, Boulder"
"527","SIRENA TUITELE",NA,NA,NA,NA,NA,NA,NA,NA,NA,NA,NA,NA,NA,NA,NA,NA,NA,NA,NA,NA,NA,NA,NA,NA,NA,NA,NA,NA,NA,"University of Colorado, Boulder"
"528","YO'MYRIS MORRIS",NA,NA,NA,NA,NA,NA,NA,NA,NA,NA,NA,NA,NA,NA,NA,NA,NA,NA,NA,NA,NA,NA,NA,NA,NA,NA,NA,NA,NA,"Texas Christian University"
"529","IVET SUBIRATS TERUEL",NA,NA,NA,NA,NA,NA,NA,NA,NA,NA,NA,NA,NA,NA,NA,NA,NA,NA,NA,NA,NA,NA,NA,NA,NA,NA,NA,NA,NA,"Ball State University"
"530","MADELYN MCCREA",NA,NA,NA,NA,NA,NA,NA,NA,NA,NA,NA,NA,NA,NA,NA,NA,NA,NA,NA,NA,NA,NA,NA,NA,NA,NA,NA,NA,NA,"Mount St. Mary's University"
"531","SKYLER CHRISTMAS",NA,NA,NA,NA,NA,NA,NA,NA,NA,NA,NA,NA,NA,NA,NA,NA,NA,NA,NA,NA,NA,NA,NA,NA,NA,NA,NA,NA,NA,"University of Louisiana at Lafayette"
"532","ENDYA BUFORD",NA,NA,NA,NA,NA,NA,NA,NA,NA,NA,NA,NA,NA,NA,NA,NA,NA,NA,NA,NA,NA,NA,NA,NA,NA,NA,NA,NA,NA,"University of Memphis"
"533","CAITELYN KNUTSON",NA,NA,NA,NA,NA,NA,NA,NA,NA,NA,NA,NA,NA,NA,NA,NA,NA,NA,NA,NA,NA,NA,NA,NA,NA,NA,NA,NA,NA,"Southern Illinois University Edwardsville"
"534","THERSULVA-ANGELICA JUSTE-JEAN",NA,NA,NA,NA,NA,NA,NA,NA,NA,NA,NA,NA,NA,NA,NA,NA,NA,NA,NA,NA,NA,NA,NA,NA,NA,NA,NA,NA,NA,"Coastal Carolina University"
"535","TAYLOR BLUNT",NA,NA,NA,NA,NA,NA,NA,NA,NA,NA,NA,NA,NA,NA,NA,NA,NA,NA,NA,NA,NA,NA,NA,NA,NA,NA,NA,NA,NA,"University of Detroit Mercy"
"536","ELLIE FOSTER",NA,NA,NA,NA,NA,NA,NA,NA,NA,NA,NA,NA,NA,NA,NA,NA,NA,NA,NA,NA,NA,NA,NA,NA,NA,NA,NA,NA,NA,"University of Wisconsin-Green Bay"
"537","NURIA CUNILL",NA,NA,NA,NA,NA,NA,NA,NA,NA,NA,NA,NA,NA,NA,NA,NA,NA,NA,NA,NA,NA,NA,NA,NA,NA,NA,NA,NA,NA,"Eastern Washington University"
"538","HALLE NELSON",NA,NA,NA,NA,NA,NA,NA,NA,NA,NA,NA,NA,NA,NA,NA,NA,NA,NA,NA,NA,NA,NA,NA,NA,NA,NA,NA,NA,NA,"Utah State University"
"539","PAISLEY SPECHT",NA,NA,NA,NA,NA,NA,NA,NA,NA,NA,NA,NA,NA,NA,NA,NA,NA,NA,NA,NA,NA,NA,NA,NA,NA,NA,NA,NA,NA,"Idaho State University"
"540","AALIYAH SEUELL",NA,NA,NA,NA,NA,NA,NA,NA,NA,NA,NA,NA,NA,NA,NA,NA,NA,NA,NA,NA,NA,NA,NA,NA,NA,NA,NA,NA,NA,"California State University, Bakersfield"
"541","LEXUS GREEN",NA,NA,NA,NA,NA,NA,NA,NA,NA,NA,NA,NA,NA,NA,NA,NA,NA,NA,NA,NA,NA,NA,NA,NA,NA,NA,NA,NA,NA,"California State University, Bakersfield"
"542","EMMA JONES",NA,NA,NA,NA,NA,NA,NA,NA,NA,NA,NA,NA,NA,NA,NA,NA,NA,NA,NA,NA,NA,NA,NA,NA,NA,NA,NA,NA,NA,"Utah Valley University"
"543","HANNAH SHULTZ",NA,NA,NA,NA,NA,NA,NA,NA,NA,NA,NA,NA,NA,NA,NA,NA,NA,NA,NA,NA,NA,NA,NA,NA,NA,NA,NA,NA,NA,"Coastal Carolina University"
"544","KAYLEE STICKER",NA,NA,NA,NA,NA,NA,NA,NA,NA,NA,NA,NA,NA,NA,NA,NA,NA,NA,NA,NA,NA,NA,NA,NA,NA,NA,NA,NA,NA,"Samford University"
"545","MICKAYLA PERDUE",NA,NA,NA,NA,NA,NA,NA,NA,NA,NA,NA,NA,NA,NA,NA,NA,NA,NA,NA,NA,NA,NA,NA,NA,NA,NA,NA,NA,NA,"University of Toledo"
"546","SHA'LYNN HAGANS",NA,NA,NA,NA,NA,NA,NA,NA,NA,NA,NA,NA,NA,NA,NA,NA,NA,NA,NA,NA,NA,NA,NA,NA,NA,NA,NA,NA,NA,"Pennsylvania State University"
"547","ALEAH JAMES",NA,NA,NA,NA,NA,NA,NA,NA,NA,NA,NA,NA,NA,NA,NA,NA,NA,NA,NA,NA,NA,NA,NA,NA,NA,NA,NA,NA,NA,"Long Island University"
"548","TAYRA EKE BENITEZ",NA,NA,NA,NA,NA,NA,NA,NA,NA,NA,NA,NA,NA,NA,NA,NA,NA,NA,NA,NA,NA,NA,NA,NA,NA,NA,NA,NA,NA,"Long Island University"
"549","DYAMOND BUTLER WORLEY",NA,NA,NA,NA,NA,NA,NA,NA,NA,NA,NA,NA,NA,NA,NA,NA,NA,NA,NA,NA,NA,NA,NA,NA,NA,NA,NA,NA,NA,"Long Island University"
"550","ELAYNA WHITLEY",NA,NA,NA,NA,NA,NA,NA,NA,NA,NA,NA,NA,NA,NA,NA,NA,NA,NA,NA,NA,NA,NA,NA,NA,NA,NA,NA,NA,NA,"Delaware State University"
"551","OLUWASOLAPE AMUSAN",NA,NA,NA,NA,NA,NA,NA,NA,NA,NA,NA,NA,NA,NA,NA,NA,NA,NA,NA,NA,NA,NA,NA,NA,NA,NA,NA,NA,NA,"University of Illinois Urbana-Champaign"
"552","VICTORIA IKENASIO IKENASIO",NA,NA,NA,NA,NA,NA,NA,NA,NA,NA,NA,NA,NA,NA,NA,NA,NA,NA,NA,NA,NA,NA,NA,NA,NA,NA,NA,NA,NA,"Saint Peter's University"
"553","FLERA VINERTE",NA,NA,NA,NA,NA,NA,NA,NA,NA,NA,NA,NA,NA,NA,NA,NA,NA,NA,NA,NA,NA,NA,NA,NA,NA,NA,NA,NA,NA,"San Diego State University"
"554","JALYNN ALEXANDER",NA,NA,NA,NA,NA,NA,NA,NA,NA,NA,NA,NA,NA,NA,NA,NA,NA,NA,NA,NA,NA,NA,NA,NA,NA,NA,NA,NA,NA,"Western Illinois University"
"555","MAKAYLA WALLACE",NA,NA,NA,NA,NA,NA,NA,NA,NA,NA,NA,NA,NA,NA,NA,NA,NA,NA,NA,NA,NA,NA,NA,NA,NA,NA,NA,NA,NA,"University of North Dakota"
"556","ELIZABETH RATCLIFF",NA,NA,NA,NA,NA,NA,NA,NA,NA,NA,NA,NA,NA,NA,NA,NA,NA,NA,NA,NA,NA,NA,NA,NA,NA,NA,NA,NA,NA,"McNeese State University"
"557","ENAS NIGATU",NA,NA,NA,NA,NA,NA,NA,NA,NA,NA,NA,NA,NA,NA,NA,NA,NA,NA,NA,NA,NA,NA,NA,NA,NA,NA,NA,NA,NA,"Hampton University"
"558","ROBE CHRISTIANA MCLEAN",NA,NA,NA,NA,NA,NA,NA,NA,NA,NA,NA,NA,NA,NA,NA,NA,NA,NA,NA,NA,NA,NA,NA,NA,NA,NA,NA,NA,NA,"Marshall University"
"559","ALEXANDRA RICHARD",NA,NA,NA,NA,NA,NA,NA,NA,NA,NA,NA,NA,NA,NA,NA,NA,NA,NA,NA,NA,NA,NA,NA,NA,NA,NA,NA,NA,NA,"Butler University"
"560","ALEXANDRA HARRISON",NA,NA,NA,NA,NA,NA,NA,NA,NA,NA,NA,NA,NA,NA,NA,NA,NA,NA,NA,NA,NA,NA,NA,NA,NA,NA,NA,NA,NA,"Northwestern State University"
"561","KYLA HAMILTON",NA,NA,NA,NA,NA,NA,NA,NA,NA,NA,NA,NA,NA,NA,NA,NA,NA,NA,NA,NA,NA,NA,NA,NA,NA,NA,NA,NA,NA,"McNeese State University"
"562","KAYIONA WILLIS",NA,NA,NA,NA,NA,NA,NA,NA,NA,NA,NA,NA,NA,NA,NA,NA,NA,NA,NA,NA,NA,NA,NA,NA,NA,NA,NA,NA,NA,"Youngstown State University"
"563","SOFIA LLANOS GASULLA",NA,NA,NA,NA,NA,NA,NA,NA,NA,NA,NA,NA,NA,NA,NA,NA,NA,NA,NA,NA,NA,NA,NA,NA,NA,NA,NA,NA,NA,"Marshall University"
"564","RAQUEL NURIA FERRER BERNAD",NA,NA,NA,NA,NA,NA,NA,NA,NA,NA,NA,NA,NA,NA,NA,NA,NA,NA,NA,NA,NA,NA,NA,NA,NA,NA,NA,NA,NA,"Florida International University"
"565","KAMALU KAMAKAWIWOOLE",NA,NA,NA,NA,NA,NA,NA,NA,NA,NA,NA,NA,NA,NA,NA,NA,NA,NA,NA,NA,NA,NA,NA,NA,NA,NA,NA,NA,NA,"Utah State University"
"566","YSAREIA CHEVRE",NA,NA,NA,NA,NA,NA,NA,NA,NA,NA,NA,NA,NA,NA,NA,NA,NA,NA,NA,NA,NA,NA,NA,NA,NA,NA,NA,NA,NA,"Monmouth University"
"567","MAKIYA LOVE",NA,NA,NA,NA,NA,NA,NA,NA,NA,NA,NA,NA,NA,NA,NA,NA,NA,NA,NA,NA,NA,NA,NA,NA,NA,NA,NA,NA,NA,"Arkansas State University"
"568","BAUNCE CARTER",NA,NA,NA,NA,NA,NA,NA,NA,NA,NA,NA,NA,NA,NA,NA,NA,NA,NA,NA,NA,NA,NA,NA,NA,NA,NA,NA,NA,NA,"St. Bonaventure University"
"569","JOHNNI GONZALEZ",NA,NA,NA,NA,NA,NA,NA,NA,NA,NA,NA,NA,NA,NA,NA,NA,NA,NA,NA,NA,NA,NA,NA,NA,NA,NA,NA,NA,NA,"University of California, Santa Barbara"
"570","SHERRY PORTER",NA,NA,NA,NA,NA,NA,NA,NA,NA,NA,NA,NA,NA,NA,NA,NA,NA,NA,NA,NA,NA,NA,NA,NA,NA,NA,NA,NA,NA,"Western Kentucky University"
"571","JASMINE SANDERS",NA,NA,NA,NA,NA,NA,NA,NA,NA,NA,NA,NA,NA,NA,NA,NA,NA,NA,NA,NA,NA,NA,NA,NA,NA,NA,NA,NA,NA,"East Tennessee State University"
"572","DESTINY HAYMER",NA,NA,NA,NA,NA,NA,NA,NA,NA,NA,NA,NA,NA,NA,NA,NA,NA,NA,NA,NA,NA,NA,NA,NA,NA,NA,NA,NA,NA,"University of South Alabama"
"573","SINETRA JONES",NA,NA,NA,NA,NA,NA,NA,NA,NA,NA,NA,NA,NA,NA,NA,NA,NA,NA,NA,NA,NA,NA,NA,NA,NA,NA,NA,NA,NA,"Oral Roberts University"
"574","BREANNA BECK",NA,NA,NA,NA,NA,NA,NA,NA,NA,NA,NA,NA,NA,NA,NA,NA,NA,NA,NA,NA,NA,NA,NA,NA,NA,NA,NA,NA,NA,"Florida Atlantic University"
"575","MAKAILAH GRIGGS-ZEIGLER",NA,NA,NA,NA,NA,NA,NA,NA,NA,NA,NA,NA,NA,NA,NA,NA,NA,NA,NA,NA,NA,NA,NA,NA,NA,NA,NA,NA,NA,"Eastern Michigan University"
"576","ABIGAIL STREETER",NA,NA,NA,NA,NA,NA,NA,NA,NA,NA,NA,NA,NA,NA,NA,NA,NA,NA,NA,NA,NA,NA,NA,NA,NA,NA,NA,NA,NA,"University of Hartford"
"577","HALEY NICHOLS",NA,NA,NA,NA,NA,NA,NA,NA,NA,NA,NA,NA,NA,NA,NA,NA,NA,NA,NA,NA,NA,NA,NA,NA,NA,NA,NA,NA,NA,"University of Tennessee at Martin"
"578","ANNACAITE MARKHAM",NA,NA,NA,NA,NA,NA,NA,NA,NA,NA,NA,NA,NA,NA,NA,NA,NA,NA,NA,NA,NA,NA,NA,NA,NA,NA,NA,NA,NA,"University of South Carolina Upstate"
"579","ALEXIS GREFFEN",NA,NA,NA,NA,NA,NA,NA,NA,NA,NA,NA,NA,NA,NA,NA,NA,NA,NA,NA,NA,NA,NA,NA,NA,NA,NA,NA,NA,NA,"University of New Hampshire"
"580","OBIANUJU EZEUDU",NA,NA,NA,NA,NA,NA,NA,NA,NA,NA,NA,NA,NA,NA,NA,NA,NA,NA,NA,NA,NA,NA,NA,NA,NA,NA,NA,NA,NA,"University of Denver"
"581","ELIZEBETH TAYLOR",NA,NA,NA,NA,NA,NA,NA,NA,NA,NA,NA,NA,NA,NA,NA,NA,NA,NA,NA,NA,NA,NA,NA,NA,NA,NA,NA,NA,NA,"Georgia State University"
"582","KIANA WILLIAMS",NA,NA,NA,NA,NA,NA,NA,NA,NA,NA,NA,NA,NA,NA,NA,NA,NA,NA,NA,NA,NA,NA,NA,NA,NA,NA,NA,NA,NA,"Morehead State University"
"583","MADELINE LODER",NA,NA,NA,NA,NA,NA,NA,NA,NA,NA,NA,NA,NA,NA,NA,NA,NA,NA,NA,NA,NA,NA,NA,NA,NA,NA,NA,NA,NA,"George Washington University"
"584","JOSEPHINE RAFLO",NA,NA,NA,NA,NA,NA,NA,NA,NA,NA,NA,NA,NA,NA,NA,NA,NA,NA,NA,NA,NA,NA,NA,NA,NA,NA,NA,NA,NA,"Presbyterian College"
"585","CHEYANNE BARKER",NA,NA,NA,NA,NA,NA,NA,NA,NA,NA,NA,NA,NA,NA,NA,NA,NA,NA,NA,NA,NA,NA,NA,NA,NA,NA,NA,NA,NA,"Presbyterian College"
"586","AMONI WAITERS",NA,NA,NA,NA,NA,NA,NA,NA,NA,NA,NA,NA,NA,NA,NA,NA,NA,NA,NA,NA,NA,NA,NA,NA,NA,NA,NA,NA,NA,"University of Detroit Mercy"
"587","VICTORIA       TORI HAMILTON",NA,NA,NA,NA,NA,NA,NA,NA,NA,NA,NA,NA,NA,NA,NA,NA,NA,NA,NA,NA,NA,NA,NA,NA,NA,NA,NA,NA,NA,"Southern Illinois University Edwardsville"
"588","MARISA DAVIS",NA,NA,NA,NA,NA,NA,NA,NA,NA,NA,NA,NA,NA,NA,NA,NA,NA,NA,NA,NA,NA,NA,NA,NA,NA,NA,NA,NA,NA,"University of Washington"
"589","STEPHANIE TORRES",NA,NA,NA,NA,NA,NA,NA,NA,NA,NA,NA,NA,NA,NA,NA,NA,NA,NA,NA,NA,NA,NA,NA,NA,NA,NA,NA,NA,NA,"San Jose State University"
"590","SARAH BARCELLO",NA,NA,NA,NA,NA,NA,NA,NA,NA,NA,NA,NA,NA,NA,NA,NA,NA,NA,NA,NA,NA,NA,NA,NA,NA,NA,NA,NA,NA,"Marist College"
"591","KIARA JOHNSON",NA,NA,NA,NA,NA,NA,NA,NA,NA,NA,NA,NA,NA,NA,NA,NA,NA,NA,NA,NA,NA,NA,NA,NA,NA,NA,NA,NA,NA,"Towson University"
"592","ASHLEY PRIMAS",NA,NA,NA,NA,NA,NA,NA,NA,NA,NA,NA,NA,NA,NA,NA,NA,NA,NA,NA,NA,NA,NA,NA,NA,NA,NA,NA,NA,NA,"Delaware State University"
"593","JAMILYN ROBINSON",NA,NA,NA,NA,NA,NA,NA,NA,NA,NA,NA,NA,NA,NA,NA,NA,NA,NA,NA,NA,NA,NA,NA,NA,NA,NA,NA,NA,NA,"Butler University"
"594","OUMOU TOURE",NA,NA,NA,NA,NA,NA,NA,NA,NA,NA,NA,NA,NA,NA,NA,NA,NA,NA,NA,NA,NA,NA,NA,NA,NA,NA,NA,NA,NA,"Butler University"
"595","KRISTEN GILL",NA,NA,NA,NA,NA,NA,NA,NA,NA,NA,NA,NA,NA,NA,NA,NA,NA,NA,NA,NA,NA,NA,NA,NA,NA,NA,NA,NA,NA,"University of Kentucky"
"596","CARLYSE BUCHANNON-HOOKS",NA,NA,NA,NA,NA,NA,NA,NA,NA,NA,NA,NA,NA,NA,NA,NA,NA,NA,NA,NA,NA,NA,NA,NA,NA,NA,NA,NA,NA,"East Tennessee State University"
"597","ZA'NARIA ROBINSON",NA,NA,NA,NA,NA,NA,NA,NA,NA,NA,NA,NA,NA,NA,NA,NA,NA,NA,NA,NA,NA,NA,NA,NA,NA,NA,NA,NA,NA,"University of Arkansas at Little Rock"
"598","ZORA FRAY-CHINN",NA,NA,NA,NA,NA,NA,NA,NA,NA,NA,NA,NA,NA,NA,NA,NA,NA,NA,NA,NA,NA,NA,NA,NA,NA,NA,NA,NA,NA,"Wright State University"
"599","MICHAELA WHITE",NA,NA,NA,NA,NA,NA,NA,NA,NA,NA,NA,NA,NA,NA,NA,NA,NA,NA,NA,NA,NA,NA,NA,NA,NA,NA,NA,NA,NA,"Wright State University"
"600","ALEXANDRA HAAR",NA,NA,NA,NA,NA,NA,NA,NA,NA,NA,NA,NA,NA,NA,NA,NA,NA,NA,NA,NA,NA,NA,NA,NA,NA,NA,NA,NA,NA,"Niagara University"
"601","BRYONNA FEREBEE",NA,NA,NA,NA,NA,NA,NA,NA,NA,NA,NA,NA,NA,NA,NA,NA,NA,NA,NA,NA,NA,NA,NA,NA,NA,NA,NA,NA,NA,"Radford University"
"602","PEYTON PINKNEY",NA,NA,NA,NA,NA,NA,NA,NA,NA,NA,NA,NA,NA,NA,NA,NA,NA,NA,NA,NA,NA,NA,NA,NA,NA,NA,NA,NA,NA,"Eastern Michigan University"
"603","MARIJA GALIC",NA,NA,NA,NA,NA,NA,NA,NA,NA,NA,NA,NA,NA,NA,NA,NA,NA,NA,NA,NA,NA,NA,NA,NA,NA,NA,NA,NA,NA,"University of San Francisco"
